timestamp_ms,utc,open,high,low,close,volume_btc,volume_quote,confirmed
1660348800000,2022-08-13T00:00:00+00:00,24400,24880,24292.4,24441.2,8548.08562915,210317758.28067477,1
1660435200000,2022-08-14T00:00:00+00:00,24441.4,25035.3,24140.3,24301.4,8020.74899771,197055961.64736939,1
1660521600000,2022-08-15T00:00:00+00:00,24301.2,25205,23773.1,24095.2,17309.11109258,420437579.42431749,1
1660608000000,2022-08-16T00:00:00+00:00,24094.6,24243.5,23671.2,23857.2,11300.98080555,271044605.80161025,1
1660694400000,2022-08-17T00:00:00+00:00,23857.3,24440.2,23180.6,23340.4,14606.56525904,347367767.31893191,1
1660780800000,2022-08-18T00:00:00+00:00,23340.4,23600,23113,23193,4441.07513788,103916245.08208727,1
1660867200000,2022-08-19T00:00:00+00:00,23193.1,23201.9,20789,20835.1,28658.26842497,619988940.78339676,1
1660953600000,2022-08-20T00:00:00+00:00,20835.2,21363.4,20767.7,21138.3,11707.28111607,247769433.61101833,1
1661040000000,2022-08-21T00:00:00+00:00,21138.3,21788.8,21070,21515.8,8807.35285789,188357129.446696,1
1661126400000,2022-08-22T00:00:00+00:00,21515.8,21542.4,20893.4,21406.8,11126.32203707,235508244.48297574,1
1661212800000,2022-08-23T00:00:00+00:00,21402.1,21674.5,20888,21525.1,9061.6865309,193559878.51044618,1
1661299200000,2022-08-24T00:00:00+00:00,21525.4,21891,21153,21366.1,8513.85080963,182921242.35811088,1
1661385600000,2022-08-25T00:00:00+00:00,21366.2,21812.5,21315.8,21564.2,5191.80933036,112180471.02779937,1
1661472000000,2022-08-26T00:00:00+00:00,21563.2,21881.6,20087.9,20243.6,23658.64292775,496992338.5234155,1
1661558400000,2022-08-27T00:00:00+00:00,20242.9,20400,19784.9,20036,9695.34426387,194761186.2587337,1
1661644800000,2022-08-28T00:00:00+00:00,20035.5,20164,19523.9,19557.1,6705.31062128,133552043.62664523,1
1661731200000,2022-08-29T00:00:00+00:00,19557.2,20428,19555.1,20292.2,7734.87618656,154901046.42918651,1
1661817600000,2022-08-30T00:00:00+00:00,20291.3,20570.1,19541.2,19807.9,8827.41770823,177029533.83954528,1
1661904000000,2022-08-31T00:00:00+00:00,19808,20488,19802.1,20050.7,6748.43799907,136375078.91536881,1
1661990400000,2022-09-01T00:00:00+00:00,20050.2,20204.3,19566.2,20133,6761.73507924,134719918.92426069,1
1662076800000,2022-09-02T00:00:00+00:00,20131.6,20435,19757.9,19954.3,10660.26392613,214894518.95338487,1
1662163200000,2022-09-03T00:00:00+00:00,19954.3,20050.9,19654.5,19833.7,2746.879407,54466062.26707793,1
1662249600000,2022-09-04T00:00:00+00:00,19833.7,20023.5,19590,20001.1,3643.24866205,72167401.28769826,1
1662336000000,2022-09-05T00:00:00+00:00,20001.1,20057.7,19637.8,19791.9,3569.33929345,70678880.73999999,1
1662422400000,2022-09-06T00:00:00+00:00,19792.4,20182.6,18659.3,18792,15958.22200032,308921798.61277823,1
1662508800000,2022-09-07T00:00:00+00:00,18790.2,19457.6,18505.7,19289.1,8691.68904666,164648673.88407751,1
1662595200000,2022-09-08T00:00:00+00:00,19289,19456.7,19012.5,19318.6,9228.95602338,177410518.01966035,1
1662681600000,2022-09-09T00:00:00+00:00,19318.6,21664.6,19295.5,21364,19583.03896674,405903228.72692522,1
1662768000000,2022-09-10T00:00:00+00:00,21364,21800,21119.7,21647.7,7374.18802291,158046340.12897678,1
1662854400000,2022-09-11T00:00:00+00:00,21648.4,21880,21352.9,21829.7,5987.19740612,129399938.84200101,1
1662940800000,2022-09-12T00:00:00+00:00,21829.4,22490,21540.9,22396.5,16434.81485214,364363828.53621038,1
1663027200000,2022-09-13T00:00:00+00:00,22396.6,22800,19864.9,20171.8,26658.82434586,571884454.40999844,1
1663113600000,2022-09-14T00:00:00+00:00,20170.9,20525,19615,20226.5,10727.83419907,216419726.06970094,1
1663200000000,2022-09-15T00:00:00+00:00,20226.7,20325.6,19472.9,19699.5,9947.26956682,198678806.57178593,1
1663286400000,2022-09-16T00:00:00+00:00,19699.5,19890.3,19320,19802.8,6184.79109947,121515935.52413766,1
1663372800000,2022-09-17T00:00:00+00:00,19802.9,20192,19752,20114.5,6466.34912717,129344446.97787352,1
1663459200000,2022-09-18T00:00:00+00:00,20114.5,20115.4,19340,19413.9,7836.98558529,155252829.2881887,1
1663545600000,2022-09-19T00:00:00+00:00,19413.9,19684,18235.2,19534.6,21414.12861888,406495336.23350145,1
1663632000000,2022-09-20T00:00:00+00:00,19535.4,19632.3,18727.3,18875.6,7846.2116031,150209046.56357164,1
1663718400000,2022-09-21T00:00:00+00:00,18875,19995,18144.5,18462,24958.02072977,475058689.8053238,1
1663804800000,2022-09-22T00:00:00+00:00,18461.1,19526.8,18360,19399.4,13905.76528085,263569238.94566141,1
1663891200000,2022-09-23T00:00:00+00:00,19399.6,19496,18533.4,19289.1,9529.86459871,181230300.04689521,1
1663977600000,2022-09-24T00:00:00+00:00,19289.1,19308.4,18810.2,18921.6,4388.34936304,83711486.70168547,1
1664064000000,2022-09-25T00:00:00+00:00,18922.2,19188,18635,18809.2,4667.38438013,88496952.33965983,1
1664150400000,2022-09-26T00:00:00+00:00,18809.2,19318.9,18687.6,19228.4,7994.17952959,152090517.64711263,1
1664236800000,2022-09-27T00:00:00+00:00,19228.4,20380.3,18820,19080,16591.20098355,326927191.14913333,1
1664323200000,2022-09-28T00:00:00+00:00,19080.1,19777,18461.9,19414.1,13501.03949394,257574483.3737014,1
1664409600000,2022-09-29T00:00:00+00:00,19414.1,19647.8,18842.4,19589.4,10244.83216548,197969618.86622838,1
1664496000000,2022-09-30T00:00:00+00:00,19589.6,20176.8,19155.4,19421.7,12410.49261114,242778541.77099846,1
1664582400000,2022-10-01T00:00:00+00:00,19422.6,19481.6,19160.1,19311.3,3289.96599433,63564215.77477578,1
1664668800000,2022-10-02T00:00:00+00:00,19311.4,19396.7,18920,19055.1,4166.70329414,79916727.0905735,1
1664755200000,2022-10-03T00:00:00+00:00,19055.2,19725,18963.7,19629.6,7047.8518702,136442955.26006407,1
1664841600000,2022-10-04T00:00:00+00:00,19628.6,20462.4,19492.9,20335.1,17599.74992166,352594951.52066709,1
1664928000000,2022-10-05T00:00:00+00:00,20336.6,20361.3,19731.2,20158.6,6984.38625619,140243338.57623124,1
1665014400000,2022-10-06T00:00:00+00:00,20158.6,20447.9,19855.7,19961.1,9629.87132448,194161744.83578939,1
1665100800000,2022-10-07T00:00:00+00:00,19962.1,20052.8,19320.5,19529.6,12547.32167776,247087549.63571801,1
1665187200000,2022-10-08T00:00:00+00:00,19529.6,19626.2,19215.9,19413.2,3415.16984421,66469619.84667477,1
1665273600000,2022-10-09T00:00:00+00:00,19413.3,19558.9,19323,19441.3,4195.52552379,81653244.72669447,1
1665360000000,2022-10-10T00:00:00+00:00,19441.3,19522.7,19020,19129.1,6183.60880812,119139693.36241246,1
1665446400000,2022-10-11T00:00:00+00:00,19130.1,19263.9,18849.5,19061.1,10436.38940333,198606678.93833459,1
1665532800000,2022-10-12T00:00:00+00:00,19060.5,19233.7,18957.1,19155.2,4584.49562982,87556867.34767926,1
1665619200000,2022-10-13T00:00:00+00:00,19155.2,19507,18155,19377.8,24275.27266549,454814675.34511988,1
1665705600000,2022-10-14T00:00:00+00:00,19377.8,19954.8,19075.8,19178.8,9425.70398054,184392556.0725538,1
1665792000000,2022-10-15T00:00:00+00:00,19178.8,19227.4,18975.7,19070.6,3209.1363286,61372531.03260876,1
1665878400000,2022-10-16T00:00:00+00:00,19070.5,19421.7,19065.7,19263.4,4062.16437325,78198001.23734478,1
1665964800000,2022-10-17T00:00:00+00:00,19263.4,19675.2,19160.2,19547.6,6921.25765741,134737871.71804851,1
1666051200000,2022-10-18T00:00:00+00:00,19547.7,19709.2,19090.1,19330.1,10046.13874378,195411174.98870482,1
1666137600000,2022-10-19T00:00:00+00:00,19330,19358.6,19069.1,19126.9,3866.39233213,74218722.66720087,1
1666224000000,2022-10-20T00:00:00+00:00,19126.6,19346.2,18902.1,19043.9,5370.89292827,102647294.33902042,1
1666310400000,2022-10-21T00:00:00+00:00,19043.9,19250,18648.9,19161.9,5547.47726559,105418132.20619146,1
1666396800000,2022-10-22T00:00:00+00:00,19162.1,19252,19115,19202.7,1644.25154536,31530768.38065922,1
1666483200000,2022-10-23T00:00:00+00:00,19202.8,19691.9,19070.1,19570.5,3643.0505164,70634908.34610305,1
1666569600000,2022-10-24T00:00:00+00:00,19570.7,19598.8,19161,19332.3,5763.45950799,111598885.89775978,1
1666656000000,2022-10-25T00:00:00+00:00,19331.4,20412.3,19242.6,20082.5,12318.87841989,245505261.61785637,1
1666742400000,2022-10-26T00:00:00+00:00,20082.5,21020.5,20053.2,20770.8,16139.97812262,332850537.5917716,1
1666828800000,2022-10-27T00:00:00+00:00,20769.2,20870.3,20200,20290.4,11665.29266333,240002658.44780387,1
1666915200000,2022-10-28T00:00:00+00:00,20291.5,20746.8,20000,20592.5,11215.53794221,227684405.07727718,1
1667001600000,2022-10-29T00:00:00+00:00,20592.5,21080,20556.9,20808.1,11527.32298288,240058063.72343819,1
1667088000000,2022-10-30T00:00:00+00:00,20808.2,20927.7,20509.7,20626.7,5898.12639578,122372282.18546052,1
1667174400000,2022-10-31T00:00:00+00:00,20627,20846,20241.1,20491,5725.63191997,117317749.21502016,1
1667260800000,2022-11-01T00:00:00+00:00,20491.1,20694.6,20332.2,20483.2,4016.30315846,82379839.14154603,1
1667347200000,2022-11-02T00:00:00+00:00,20484,20800,20056.5,20151.9,8920.40003597,182293075.1740408,1
1667433600000,2022-11-03T00:00:00+00:00,20152,20393.5,20032.2,20206.3,4257.83656213,86183686.16831307,1
1667520000000,2022-11-04T00:00:00+00:00,20206.2,21300,20184.1,21145.1,11001.82924241,228800357.27779352,1
1667606400000,2022-11-05T00:00:00+00:00,21145.2,21475.9,21084.2,21300.5,3980.28832379,84943038.65833196,1
1667692800000,2022-11-06T00:00:00+00:00,21300.4,21362.6,20880,20908.9,3771.99758232,79905342.35865185,1
1667779200000,2022-11-07T00:00:00+00:00,20908.9,21067.3,20385.9,20587.3,5735.01205367,118998980.64390519,1
1667865600000,2022-11-08T00:00:00+00:00,20587.6,20690.8,16888,18545,61952.08574557,1174505214.90840347,1
1667952000000,2022-11-09T00:00:00+00:00,18545.1,18585.7,15511.1,15921,43418.30915522,737979781.22847233,1
1668038400000,2022-11-10T00:00:00+00:00,15920.9,18193.4,15753.5,17601.1,29280.19692013,498253395.57879191,1
1668124800000,2022-11-11T00:00:00+00:00,17601.6,17696.4,16366,17063.8,17120.37139548,292280498.22504567,1
1668211200000,2022-11-12T00:00:00+00:00,17070,17120.5,16631.2,16813.1,4794.60121262,80760067.7258676,1
1668297600000,2022-11-13T00:00:00+00:00,16813.2,16955,16241.4,16336.5,5155.41581508,85584646.69150023,1
1668384000000,2022-11-14T00:00:00+00:00,16333.8,17198.7,15820,16623.5,13024.54065223,214961018.65890803,1
1668470400000,2022-11-15T00:00:00+00:00,16621.7,17125.5,16533,16896.8,9914.58113433,167305264.4628001,1
1668556800000,2022-11-16T00:00:00+00:00,16895.6,17000,16381.3,16660,7222.8238479,120559630.5505021,1
1668643200000,2022-11-17T00:00:00+00:00,16660.1,16755,16420,16692.4,4146.50372129,68817928.08007166,1
1668729600000,2022-11-18T00:00:00+00:00,16692.5,16988.8,16555.1,16699.1,7419.6720226,124388076.4724242,1
1668816000000,2022-11-19T00:00:00+00:00,16700.9,16818.6,16557.5,16707.7,2639.95501278,43972252.75926647,1
1668902400000,2022-11-20T00:00:00+00:00,16702.8,16750,16178,16282.7,3608.84677394,59602662.70501608,1
1668988800000,2022-11-21T00:00:00+00:00,16282.1,16331.5,15450,15783.5,13036.06732598,208760909.65762533,1
1669075200000,2022-11-22T00:00:00+00:00,15783.6,16315.3,15624.2,16227.1,8249.56719207,131619654.34421724,1
1669161600000,2022-11-23T00:00:00+00:00,16227.5,16720.4,16165.4,16606.8,8039.98684439,132571085.95684495,1
1669248000000,2022-11-24T00:00:00+00:00,16604.9,16810.8,16463.7,16602.8,5402.43417617,89828782.25327751,1
1669334400000,2022-11-25T00:00:00+00:00,16602.8,16630.3,16350.1,16522.4,4109.42038856,67769030.64637324,1
1669420800000,2022-11-26T00:00:00+00:00,16520.2,16700,16382.9,16458.4,3611.08328023,59839253.36798867,1
1669507200000,2022-11-27T00:00:00+00:00,16459.7,16598.3,16400,16427.4,2443.74399866,40400968.10161172,1
1669593600000,2022-11-28T00:00:00+00:00,16429.8,16484.3,16000,16215,5860.8939274,95072427.31255655,1
1669680000000,2022-11-29T00:00:00+00:00,16215.1,16546.2,16101.4,16442.8,5520.51152866,90596449.50968774,1
1669766400000,2022-11-30T00:00:00+00:00,16442.8,17255,16430.7,17164.8,12956.75286331,218777902.931725,1
1669852800000,2022-12-01T00:00:00+00:00,17164.7,17335.5,16865.2,16980.1,6430.40921969,109837631.02800466,1
1669939200000,2022-12-02T00:00:00+00:00,16979.9,17104.1,16776.8,17091.3,7611.54590571,129037183.62764372,1
1670025600000,2022-12-03T00:00:00+00:00,17091.4,17169.2,16865,16887.1,2656.49051419,45105015.34494466,1
1670112000000,2022-12-04T00:00:00+00:00,16886.8,17200,16883.2,17109,6708.63217978,114407396.13110295,1
1670198400000,2022-12-05T00:00:00+00:00,17109,17420.1,16870.7,16966.6,8761.29020221,150651631.98825702,1
1670284800000,2022-12-06T00:00:00+00:00,16967.4,17110.8,16910.2,17087.9,5179.5741163,88147934.95673988,1
1670371200000,2022-12-07T00:00:00+00:00,17089,17141.4,16686,16837,4842.2820905,81646050.74088182,1
1670457600000,2022-12-08T00:00:00+00:00,16837.1,17296.9,16733.3,17226,5040.43475247,85589956.05100552,1
1670544000000,2022-12-09T00:00:00+00:00,17226,17353.9,17063.8,17127.2,4201.46264973,72231844.45800352,1
1670630400000,2022-12-10T00:00:00+00:00,17127.3,17230,17092,17127.9,1906.40655159,32726430.27047058,1
1670716800000,2022-12-11T00:00:00+00:00,17128,17269.3,17072.1,17082.3,2391.11474393,41025160.26465876,1
1670803200000,2022-12-12T00:00:00+00:00,17083.1,17238,16870.6,17207.1,4472.0002161,76065481.86582961,1
1670889600000,2022-12-13T00:00:00+00:00,17207.9,17999,17083.1,17780,11621.98667368,205127583.18043455,1
1670976000000,2022-12-14T00:00:00+00:00,17780.1,18377.1,17661,17806.8,15940.84948469,286970550.54561434,1
1671062400000,2022-12-15T00:00:00+00:00,17806.8,17851.7,17277,17359.2,7182.23100737,126135243.2202299,1
1671148800000,2022-12-16T00:00:00+00:00,17359.2,17527.5,16530,16629.2,12272.75911735,208278200.53015198,1
1671235200000,2022-12-17T00:00:00+00:00,16631.4,16795.7,16581.8,16778.8,4684.21505897,78180079.63931209,1
1671321600000,2022-12-18T00:00:00+00:00,16778.8,16900,16704,16738.7,817.10169051,13700903.00475404,1
1671408000000,2022-12-19T00:00:00+00:00,16737.5,16812.9,16248.6,16440,5859.85938092,97211135.05890667,1
1671494400000,2022-12-20T00:00:00+00:00,16440,17061.4,16400,16893.8,7345.26469015,123469265.99760745,1
1671580800000,2022-12-21T00:00:00+00:00,16894.9,16921.1,16725.5,16830.7,2605.76400592,43850106.47377679,1
1671667200000,2022-12-22T00:00:00+00:00,16830.5,16867.7,16568.2,16824.4,3708.43160745,62129242.43061872,1
1671753600000,2022-12-23T00:00:00+00:00,16824.4,16965.7,16722.4,16784.7,4056.97496064,68302488.18518704,1
1671840000000,2022-12-24T00:00:00+00:00,16784.1,16864,16783.9,16837.5,1291.09563218,21729417.75397886,1
1671926400000,2022-12-25T00:00:00+00:00,16837.6,16856.3,16717.9,16837.7,1720.83972981,28915769.1261444,1
1672012800000,2022-12-26T00:00:00+00:00,16837.7,16945.8,16793.9,16922.1,2069.04046893,34883558.73033994,1
1672099200000,2022-12-27T00:00:00+00:00,16922.1,16968.9,16594,16706.9,3443.66753345,57753870.881004,1
1672185600000,2022-12-28T00:00:00+00:00,16707,16783.8,16471.3,16548.9,3781.22274993,62871828.78513868,1
1672272000000,2022-12-29T00:00:00+00:00,16549,16665,16493.9,16639.2,3252.7162777,53945511.91151799,1
1672358400000,2022-12-30T00:00:00+00:00,16639,16676.3,16340.9,16613.3,5213.06285489,86111460.14672687,1
1672444800000,2022-12-31T00:00:00+00:00,16613.3,16644.9,16477.6,16544.9,2142.67063878,35515319.44274893,1
1672531200000,2023-01-01T00:00:00+00:00,16546.1,16625,16502,16615.1,1183.63099648,19590806.47552471,1
1672617600000,2023-01-02T00:00:00+00:00,16615.1,16799.3,16548.1,16673.3,3519.3678197,58722059.73951581,1
1672704000000,2023-01-03T00:00:00+00:00,16673.3,16774,16610.4,16676.8,2446.24479168,40813501.3503498,1
1672790400000,2023-01-04T00:00:00+00:00,16676.8,16988,16655.4,16852,5180.0302387,87225847.43593906,1
1672876800000,2023-01-05T00:00:00+00:00,16852,16879.2,16760.1,16832.5,2382.33745742,40089514.89198536,1
1672963200000,2023-01-06T00:00:00+00:00,16832.5,17034.5,16680.7,16950.6,4263.23719258,71732412.75133148,1
1673049600000,2023-01-07T00:00:00+00:00,16950.7,16980,16908.7,16945.5,1283.06211406,21730221.1129995,1
1673136000000,2023-01-08T00:00:00+00:00,16945.6,17179.7,16915,17129.3,2523.27722002,42913728.7706535,1
1673222400000,2023-01-09T00:00:00+00:00,17129.3,17395.7,17107.2,17181.2,6496.33183351,112014340.26584808,1
1673308800000,2023-01-10T00:00:00+00:00,17181.1,17486.4,17150.3,17439,4478.85486699,77582267.52794913,1
1673395200000,2023-01-11T00:00:00+00:00,17439,18000,17320.9,17945.2,5290.87915966,93017478.65502232,1
1673481600000,2023-01-12T00:00:00+00:00,17945.1,19112.6,17909,18844.2,19383.04289745,356383452.6270829,1
1673568000000,2023-01-13T00:00:00+00:00,18844.2,20004,18715.9,19928.4,12365.85532114,238167797.53766142,1
1673654400000,2023-01-14T00:00:00+00:00,19928.5,21482.8,19895,20950.7,24979.26833161,519261421.61730116,1
1673740800000,2023-01-15T00:00:00+00:00,20950.7,21063.8,20555.3,20874.4,7576.22711233,157495907.39888647,1
1673827200000,2023-01-16T00:00:00+00:00,20873.1,21465.3,20603,21183.8,13166.34125102,277249274.71706193,1
1673913600000,2023-01-17T00:00:00+00:00,21183.9,21634.5,20839.7,21125.5,11111.67542555,235772061.02495136,1
1674000000000,2023-01-18T00:00:00+00:00,21127,21664.6,20400,20674.2,17923.68056633,376259168.45714281,1
1674086400000,2023-01-19T00:00:00+00:00,20672.5,21179.1,20660,21072.7,5121.22874896,106770812.88967027,1
1674172800000,2023-01-20T00:00:00+00:00,21072.7,22747,20860.4,22665.6,9709.04400774,211916362.7634879,1
1674259200000,2023-01-21T00:00:00+00:00,22665.7,23379,22428.6,22779,13097.75263527,300543683.89353307,1
1674345600000,2023-01-22T00:00:00+00:00,22780,23074.4,22306.6,22708.5,7528.72532666,171253892.07215745,1
1674432000000,2023-01-23T00:00:00+00:00,22708.4,23185.2,22498.1,22914.8,7435.6719079,169745754.05789687,1
1674518400000,2023-01-24T00:00:00+00:00,22914.9,23159.8,22457.1,22629.6,7434.18357827,170099072.88853851,1
1674604800000,2023-01-25T00:00:00+00:00,22629.6,23818.7,22332.1,23052.6,11239.30265716,257686093.33409234,1
1674691200000,2023-01-26T00:00:00+00:00,23060.8,23284,22847.6,23010,6168.26544179,142195514.86090908,1
1674777600000,2023-01-27T00:00:00+00:00,23010.1,23500,22526.3,23074.8,9040.75025303,207810189.90815052,1
1674864000000,2023-01-28T00:00:00+00:00,23074.8,23185,22879.4,23025.1,3021.35178003,69530586.41607713,1
1674950400000,2023-01-29T00:00:00+00:00,23025.1,23963,22970.7,23740,8947.27928478,210084466.3834712,1
1675036800000,2023-01-30T00:00:00+00:00,23743.7,23798.1,22483,22825.1,10643.76820035,245702768.6325065,1
1675123200000,2023-01-31T00:00:00+00:00,22825,23347.7,22718.7,23127.6,5726.48015095,131601252.38257309,1
1675209600000,2023-02-01T00:00:00+00:00,23130,23850,22756,23728.7,7854.27043964,182436464.21053321,1
1675296000000,2023-02-02T00:00:00+00:00,23729,24252.7,23362.5,23487.8,10390.94119862,247441210.30559488,1
1675382400000,2023-02-03T00:00:00+00:00,23490.2,23722.5,23211,23431.2,6517.11132599,152850315.43920201,1
1675468800000,2023-02-04T00:00:00+00:00,23431.3,23583.6,23255.4,23324.7,2600.12331388,60873244.30238542,1
1675555200000,2023-02-05T00:00:00+00:00,23324.8,23432.1,22754.6,22933.1,5733.51178155,132383651.82094321,1
1675641600000,2023-02-06T00:00:00+00:00,22933.3,23158.5,22617.6,22761.7,4924.61236254,112608060.23653315,1
1675728000000,2023-02-07T00:00:00+00:00,22761.7,23349.9,22747.1,23246.1,5477.71382262,126093183.99399067,1
1675814400000,2023-02-08T00:00:00+00:00,23246.1,23457.1,22673.8,22960,4908.78650669,113193170.526973,1
1675900800000,2023-02-09T00:00:00+00:00,22960,23009.9,21678,21795,13671.27987355,304872746.48835673,1
1675987200000,2023-02-10T00:00:00+00:00,21795,21933.3,21440,21628.3,6046.09925541,131337691.87934303,1
1676073600000,2023-02-11T00:00:00+00:00,21628.4,21898.5,21600.1,21856.2,2260.41472592,49075875.03246143,1
1676160000000,2023-02-12T00:00:00+00:00,21856.2,22083.5,21628.5,21784.5,4502.11625728,98513290.01144361,1
1676246400000,2023-02-13T00:00:00+00:00,21784.7,21895.2,21356.5,21776.8,7619.71623502,164817250.3056485,1
1676332800000,2023-02-14T00:00:00+00:00,21776.9,22319.8,21540,22197.9,8562.35202887,187669675.81551628,1
1676419200000,2023-02-15T00:00:00+00:00,22197.6,24381.4,22048,24328.8,12951.84513118,301959755.79036245,1
1676505600000,2023-02-16T00:00:00+00:00,24329.2,25249.9,23502.4,23512.2,15669.82862391,384341068.55111676,1
1676592000000,2023-02-17T00:00:00+00:00,23509.8,25025,23337.1,24571.8,15295.88751509,368634799.09101023,1
1676678400000,2023-02-18T00:00:00+00:00,24570.7,24875,24427.6,24633.7,3949.17176722,97207797.48188386,1
1676764800000,2023-02-19T00:00:00+00:00,24633.7,25187,24182.1,24276,8149.74561749,201088625.71511751,1
1676851200000,2023-02-20T00:00:00+00:00,24276.1,25129.2,23836.5,24843.1,9606.06387,236886205.02976234,1
1676937600000,2023-02-21T00:00:00+00:00,24843,25320,24150.2,24450,11161.16223982,275292348.13829884,1
1677024000000,2023-02-22T00:00:00+00:00,24450,24471,23579.5,24190,8988.90653835,215434603.56397879,1
1677110400000,2023-02-23T00:00:00+00:00,24190,24602.9,23605.3,23938.8,11605.23964794,279169035.27945809,1
1677196800000,2023-02-24T00:00:00+00:00,23938.9,24131,22836.1,23190.1,11990.5529265,281144846.86716983,1
1677283200000,2023-02-25T00:00:00+00:00,23190.2,23217.8,22729.4,23157.2,5019.02857511,115505863.3116544,1
1677369600000,2023-02-26T00:00:00+00:00,23157.3,23686.7,23060.7,23557.4,4810.44032196,112239971.33290824,1
1677456000000,2023-02-27T00:00:00+00:00,23552.7,23891.2,23101,23491.2,8356.24149089,196042525.3547685,1
1677542400000,2023-02-28T00:00:00+00:00,23491.2,23600,23025.5,23136,4699.05977688,109694848.85985951,1
1677628800000,2023-03-01T00:00:00+00:00,23143.1,24009,23009.7,23632.4,8356.38724014,197472812.29992216,1
1677715200000,2023-03-02T00:00:00+00:00,23632,23792.7,23181.5,23466,5511.18257716,129003555.6851526,1
1677801600000,2023-03-03T00:00:00+00:00,23465.9,23472.9,21898,22354.5,17156.07482816,384450410.315403396,1
1677888000000,2023-03-04T00:00:00+00:00,22354.4,22403.8,22164.5,22349.7,2958.65794217,65999189.110532047,1
1677974400000,2023-03-05T00:00:00+00:00,22349.6,22666.4,22185.5,22427.6,4206.5210596,94398159.822084887,1
1678060800000,2023-03-06T00:00:00+00:00,22427.6,22598,22261.3,22409.2,5956.77362899,133622518.531562365,1
1678147200000,2023-03-07T00:00:00+00:00,22409.2,22553.3,21934.6,22201.5,8308.24100926,184852461.856980947,1
1678233600000,2023-03-08T00:00:00+00:00,22201.5,22287,21570.6,21706.7,9010.30149603,197875724.422917202,1
1678320000000,2023-03-09T00:00:00+00:00,21706.8,21830,20037,20367.2,20102.01680472,422264831.889894763,1
1678406400000,2023-03-10T00:00:00+00:00,20364.8,20368.3,19529.7,20152.6,29477.43802602,588196345.160182802,1
1678492800000,2023-03-11T00:00:00+00:00,20152.6,20688.9,19769.1,20454.7,21906.21116802,443407198.108372299,1
1678579200000,2023-03-12T00:00:00+00:00,20454.7,22160,20263.2,21995.2,16535.95439772,347429796.017437795,1
1678665600000,2023-03-13T00:00:00+00:00,21995.3,24509.3,21820.7,24116,40397.27101346,940462678.050501132,1
1678752000000,2023-03-14T00:00:00+00:00,24116.1,26424.2,23957.5,24676,46895.47498368,1176298142.795675283,1
1678838400000,2023-03-15T00:00:00+00:00,24675.2,25227.1,23873,24279.9,26008.82676517,639443455.744029864,1
1678924800000,2023-03-16T00:00:00+00:00,24279.9,25179.5,24125.2,25005.4,18077.41143903,446665475.641839753,1
1679011200000,2023-03-17T00:00:00+00:00,25002.1,27768.1,24894,27395.6,30760.02435145,813763787.636209604,1
1679097600000,2023-03-18T00:00:00+00:00,27394.5,27713.8,26565.5,26905,15656.15234983,426862908.623316979,1
1679184000000,2023-03-19T00:00:00+00:00,26905,28400.3,26825.6,27966.6,14606.18949344,404631291.914426962,1
1679270400000,2023-03-20T00:00:00+00:00,27966.3,28490,27133.4,27718.5,15769.72184277,439359052.783323886,1
1679356800000,2023-03-21T00:00:00+00:00,27716.5,28448.8,27300.1,28108.8,12272.48235288,342620152.447358765,1
1679443200000,2023-03-22T00:00:00+00:00,28104.4,28890,26603.6,27249.6,23810.37051319,664422175.966247218,1
1679529600000,2023-03-23T00:00:00+00:00,27249.7,28775.4,27114.3,28293.7,18433.35854101,515631401.096004532,1
1679616000000,2023-03-24T00:00:00+00:00,28295.2,28375,26976.8,27452.4,17120.42253367,476128864.991399318,1
1679702400000,2023-03-25T00:00:00+00:00,27452.4,27792.8,27152.8,27462.4,5694.75630012,156534274.907429748,1
1679788800000,2023-03-26T00:00:00+00:00,27461.8,28221.4,27413.3,27969.9,6716.98725637,186946500.773353566,1
1679875200000,2023-03-27T00:00:00+00:00,27969.8,28021.2,26503,27127,11555.28224871,315254674.743847573,1
1679961600000,2023-03-28T00:00:00+00:00,27127.1,27508,26625.8,27265.6,12120.90344906,327127178.168146365,1
1680048000000,2023-03-29T00:00:00+00:00,27261.6,28644.5,27243.3,28349.3,15022.23902828,421991821.462840834,1
1680134400000,2023-03-30T00:00:00+00:00,28349.4,29183.7,27680.1,28027.2,16661.40614525,473154709.586317123,1
1680220800000,2023-03-31T00:00:00+00:00,28027.2,28674.4,27503,28466.3,11892.46236668,334804061.936170131,1
1680307200000,2023-04-01T00:00:00+00:00,28466.4,28831.6,28216.4,28457,3736.46632123,106431227.837162819,1
1680393600000,2023-04-02T00:00:00+00:00,28457.1,28526,27850,28168.6,5093.2970877,143415868.619154832,1
1680480000000,2023-04-03T00:00:00+00:00,28170,28566.5,27202.9,27801,13911.04299865,389136056.030774206,1
1680566400000,2023-04-04T00:00:00+00:00,27800.1,28445,27666.6,28168.8,8089.55044677,227487236.449755074,1
1680652800000,2023-04-05T00:00:00+00:00,28168.9,28795,27808,28169.5,10513.45173171,297854099.98727604,1
1680739200000,2023-04-06T00:00:00+00:00,28167.9,28183.3,27697.5,28034.8,5467.99778321,152972760.053073794,1
1680825600000,2023-04-07T00:00:00+00:00,28034.7,28103.7,27770.5,27906.6,3438.37494239,96016450.893043611,1
1680912000000,2023-04-08T00:00:00+00:00,27906.6,28155.7,27862.5,27940,3125.15525625,87539930.534115545,1
1680998400000,2023-04-09T00:00:00+00:00,27940.1,28529.9,27790,28318.9,4326.46994885,121588759.12498305,1
1681084800000,2023-04-10T00:00:00+00:00,28318.9,29843.3,28166.6,29635.9,11514.57183961,333917727.520374152,1
1681171200000,2023-04-11T00:00:00+00:00,29635.9,30568.9,29590,30199.1,12490.53349699,375969245.684439103,1
1681257600000,2023-04-12T00:00:00+00:00,30199.1,30484.3,29637.1,29887.4,10444.40222686,313625397.567203335,1
1681344000000,2023-04-13T00:00:00+00:00,29891.6,30595.3,29857.2,30380.6,7230.75405671,218706691.396389667,1
1681430400000,2023-04-14T00:00:00+00:00,30380.6,31043.4,29970,30467.6,13077.41525127,400199331.612578908,1
1681516800000,2023-04-15T00:00:00+00:00,30467.7,30597.7,30205.4,30294.1,2785.45569584,84581556.111281512,1
1681603200000,2023-04-16T00:00:00+00:00,30293,30556.8,30118.8,30308.5,3676.76031853,111434484.30577457,1
1681689600000,2023-04-17T00:00:00+00:00,30301.6,30315.8,29233.2,29427.8,8641.67002343,256433323.192633956,1
1681776000000,2023-04-18T00:00:00+00:00,29427.8,30492.4,29097.6,30380.2,8729.49508948,261719753.400286726,1
1681862400000,2023-04-19T00:00:00+00:00,30380.8,30414.2,28555,28804.3,18555.25486504,543286196.836366465,1
1681948800000,2023-04-20T00:00:00+00:00,28803.6,29088.8,27999.5,28245.5,12816.73528556,366453184.794890749,1
1682035200000,2023-04-21T00:00:00+00:00,28246,28372,27122.9,27260.4,13928.74822691,387152445.923204338,1
1682121600000,2023-04-22T00:00:00+00:00,27260.7,27883.9,27142.8,27811.4,5444.14420839,149547615.225216462,1
1682208000000,2023-04-23T00:00:00+00:00,27811.4,27814.2,27300,27588.2,4475.02488772,123315838.878991729,1
1682294400000,2023-04-24T00:00:00+00:00,27588.2,27999.7,26902.6,27508.1,9883.52969617,271312465.918681278,1
1682380800000,2023-04-25T00:00:00+00:00,27508.2,28387.9,27161.6,28296.5,8467.26299125,233593478.829377952,1
1682467200000,2023-04-26T00:00:00+00:00,28298.6,30040.1,27219.6,28412.8,29208.71355316,837930726.929344891,1
1682553600000,2023-04-27T00:00:00+00:00,28412.9,29898.6,28379,29473.3,17756.91762292,518030607.775890379,1
1682640000000,2023-04-28T00:00:00+00:00,29474.5,29593.4,28889.2,29310.1,8103.08078871,237265008.646431617,1
1682726400000,2023-04-29T00:00:00+00:00,29310.2,29445,29031.5,29228.9,3083.99065361,90302101.780540118,1
1682812800000,2023-04-30T00:00:00+00:00,29229,29966.4,29091,29239.8,6702.99542764,197719887.842558673,1
1682899200000,2023-05-01T00:00:00+00:00,29235.8,29337.3,27662.3,28073.1,14426.24079771,409845206.9485226,1
1682985600000,2023-05-02T00:00:00+00:00,28073.1,28886.3,27870.3,28666,9042.5637109,256323029.214103086,1
1683072000000,2023-05-03T00:00:00+00:00,28666.5,29284.2,28107.2,29033.8,11294.73365787,322810510.985743423,1
1683158400000,2023-05-04T00:00:00+00:00,29033,29380,28668.9,28842,5802.08937859,168183711.375263552,1
1683244800000,2023-05-05T00:00:00+00:00,28844.1,29690.2,28732,29507.8,10734.43030559,314108707.277618341,1
1683331200000,2023-05-06T00:00:00+00:00,29507.9,29844,28338.2,28848.4,8674.56259565,251723166.444900835,1
1683417600000,2023-05-07T00:00:00+00:00,28850,29150,28390,28425.2,5567.43057364,160589815.369031305,1
1683504000000,2023-05-08T00:00:00+00:00,28429.5,28628.4,27239.9,27666.1,14083.23859454,392863804.686988746,1
1683590400000,2023-05-09T00:00:00+00:00,27666.2,27817,27350,27629,6553.18886011,180797216.366021935,1
1683676800000,2023-05-10T00:00:00+00:00,27628.3,28318.9,26700,27598.8,17489.63961718,482711650.409068586,1
1683763200000,2023-05-11T00:00:00+00:00,27598.8,27629.1,26701.5,26968,10914.19077163,297403872.481168631,1
1683849600000,2023-05-12T00:00:00+00:00,26969.9,27092,25791.7,26794,13604.01358192,359258088.020106484,1
1683936000000,2023-05-13T00:00:00+00:00,26794,27052.4,26689.6,26770.9,4093.08166898,109854582.598076103,1
1684022400000,2023-05-14T00:00:00+00:00,26772.6,27199,26554.7,26915.7,4156.81388726,111819106.684136435,1
1684108800000,2023-05-15T00:00:00+00:00,26914.8,27665.1,26722.7,27164.6,8602.69863816,234796578.961708829,1
1684195200000,2023-05-16T00:00:00+00:00,27160.8,27302.9,26850.3,27034,7301.20960821,197565512.643209422,1
1684281600000,2023-05-17T00:00:00+00:00,27033.4,27548.3,26536.8,27405.3,9601.59107765,258974842.709485339,1
1684368000000,2023-05-18T00:00:00+00:00,27405.3,27482.8,26361.3,26818.6,8415.76584212,227401038.770438139,1
1684454400000,2023-05-19T00:00:00+00:00,26818.6,27197.1,26616,26885.3,5049.21063922,135753874.524117474,1
1684540800000,2023-05-20T00:00:00+00:00,26884.9,27150.1,26829.5,27104.6,2315.9284607,62468492.990172352,1
1684627200000,2023-05-21T00:00:00+00:00,27104.6,27285,26654.8,26745.6,4405.64699144,118778195.732109154,1
1684713600000,2023-05-22T00:00:00+00:00,26745.6,27112.6,26537,26847.6,5951.39015994,159610320.28158167,1
1684800000000,2023-05-23T00:00:00+00:00,26847.7,27500,26797.3,27225.4,9529.84103366,259854078.737156266,1
1684886400000,2023-05-24T00:00:00+00:00,27225.4,27225.4,26077.7,26327.8,13733.36837028,363862088.592487527,1
1684972800000,2023-05-25T00:00:00+00:00,26326.9,26636.9,25868,26472.8,8042.5510753,211254306.4881296,1
1685059200000,2023-05-26T00:00:00+00:00,26472.7,26939.9,26333.3,26704.3,6043.83560353,160819131.806147533,1
1685145600000,2023-05-27T00:00:00+00:00,26704.3,26888,26551.4,26855.4,2484.98768617,66401996.918348129,1
1685232000000,2023-05-28T00:00:00+00:00,26855.4,28277.7,26762.9,28069.2,10800.22676178,297042758.326889898,1
1685318400000,2023-05-29T00:00:00+00:00,28069.3,28454.9,27531.8,27737.4,8693.8685545,243194456.149892725,1
1685404800000,2023-05-30T00:00:00+00:00,27737.4,28043.8,27556.4,27696.3,5353.64544158,148688986.774167041,1
1685491200000,2023-05-31T00:00:00+00:00,27696.4,27843.2,26829.7,27210,11235.40886761,305155517.903558088,1
1685577600000,2023-06-01T00:00:00+00:00,27210,27349.6,26606.2,26818.2,6854.77007684,184346772.327861475,1
1685664000000,2023-06-02T00:00:00+00:00,26818.3,27297.7,26502.4,27241.5,7063.25855332,190818415.326062807,1
1685750400000,2023-06-03T00:00:00+00:00,27241.5,27333,26917.2,27069.2,2762.29275007,74990315.823418155,1
1685836800000,2023-06-04T00:00:00+00:00,27069.2,27466.1,26949.9,27118.1,3416.91896145,92971068.553816435,1
1685923200000,2023-06-05T00:00:00+00:00,27118.1,27127.7,25379.3,25727.8,18936.73158335,494030260.561317337,1
1686009600000,2023-06-06T00:00:00+00:00,25727.9,27365,25350,27234.9,19089.46479377,501904519.419304342,1
1686096000000,2023-06-07T00:00:00+00:00,27234.9,27399.3,26126,26340.2,14495.56032985,387194209.930011036,1
1686182400000,2023-06-08T00:00:00+00:00,26340.4,26850,26211.6,26500.8,5252.77980322,139199217.015995205,1
1686268800000,2023-06-09T00:00:00+00:00,26501.3,26780.7,26276.8,26482.9,5912.94618579,156813304.662754851,1
1686355200000,2023-06-10T00:00:00+00:00,26483.1,26534,25348.7,25839.6,19334.96792249,498102791.694342456,1
1686441600000,2023-06-11T00:00:00+00:00,25839.6,26206,25637.6,25929.2,5370.9141712,138964125.059464071,1
1686528000000,2023-06-12T00:00:00+00:00,25929.3,26104.6,25608.8,25904.7,6281.67623971,162473716.762426186,1
1686614400000,2023-06-13T00:00:00+00:00,25904.7,26438,25721.4,25938.1,10299.26826034,268410035.088746883,1
1686700800000,2023-06-14T00:00:00+00:00,25938,26098.3,24791,25129.1,11444.94965374,291288346.705741602,1
1686787200000,2023-06-15T00:00:00+00:00,25129.1,25760,24783,25597.5,13665.96642511,343589137.825319202,1
1686873600000,2023-06-16T00:00:00+00:00,25597.5,26529,25171.2,26345.8,12392.85565349,319848607.822090637,1
1686960000000,2023-06-17T00:00:00+00:00,26345.8,26880,26182.8,26515.5,8246.78108536,218845672.060169671,1
1687046400000,2023-06-18T00:00:00+00:00,26515.4,26705.7,26255.1,26345.5,5031.88536458,133214103.726435705,1
1687132800000,2023-06-19T00:00:00+00:00,26345.4,27087.7,26258.1,26845.1,8926.05466259,237729702.785264178,1
1687219200000,2023-06-20T00:00:00+00:00,26845.1,28405.2,26656,28303.3,20622.16756728,566859706.690084777,1
1687305600000,2023-06-21T00:00:00+00:00,28303.4,30819.7,28259.4,29998.1,33845.87306736,995911340.501876714,1
1687392000000,2023-06-22T00:00:00+00:00,29998.2,30507.8,29531.1,29888,14019.64257716,421268766.769049903,1
1687478400000,2023-06-23T00:00:00+00:00,29886.9,31456,29800,30690.2,23415.76204488,719363419.903262988,1
1687564800000,2023-06-24T00:00:00+00:00,30690.3,30800.1,30253.2,30530,6192.34309357,189438890.517460536,1
1687651200000,2023-06-25T00:00:00+00:00,30530,31044.5,30280,30467.5,7183.47376469,220290209.734543156,1
1687737600000,2023-06-26T00:00:00+00:00,30467.6,30661,29913.2,30267.6,11178.15733554,338251329.840151995,1
1687824000000,2023-06-27T00:00:00+00:00,30267.7,30999,30230.1,30692.9,11143.35931383,341049953.514426144,1
1687910400000,2023-06-28T00:00:00+00:00,30693,30708.9,29843,30073,10040.23987981,303516998.105952756,1
1687996800000,2023-06-29T00:00:00+00:00,30072.9,30839.9,30047.3,30453.5,8671.24861224,264432237.516067565,1
1688083200000,2023-06-30T00:00:00+00:00,30453.6,31290,29419,30475.5,27585.73130541,839725298.622950355,1
1688169600000,2023-07-01T00:00:00+00:00,30475.4,30665.6,30325.2,30588.1,3302.29249303,100722904.177690313,1
1688256000000,2023-07-02T00:00:00+00:00,30588.1,30800.4,30162.7,30615.6,4657.63611976,142120086.032858972,1
1688342400000,2023-07-03T00:00:00+00:00,30615.7,31389,30572,31161,9296.69087893,287640622.309174194,1
1688428800000,2023-07-04T00:00:00+00:00,31161.1,31324.9,30625.3,30765.9,5907.51037328,183057669.009006327,1
1688515200000,2023-07-05T00:00:00+00:00,30766,30877.5,30200,30505,6271.99985787,191405199.50621414,1
1688601600000,2023-07-06T00:00:00+00:00,30505,31550,29855,29893,16248.72379883,498209013.294840578,1
1688688000000,2023-07-07T00:00:00+00:00,29893.1,30451,29705.2,30344.8,7652.3613617,230564507.132506464,1
1688774400000,2023-07-08T00:00:00+00:00,30344.9,30383.3,30043.6,30286.3,2488.3106344,75207622.632109576,1
1688860800000,2023-07-09T00:00:00+00:00,30286.4,30454,30067.1,30162.8,2598.51549474,78648756.555649008,1
1688947200000,2023-07-10T00:00:00+00:00,30164.9,31045.7,29946.7,30414.2,8599.93905417,261364415.386124662,1
1689033600000,2023-07-11T00:00:00+00:00,30414.2,30812.5,30291.4,30622,6577.38366801,200843112.786713016,1
1689120000000,2023-07-12T00:00:00+00:00,30622,30980,30211,30381.5,8467.56710013,259247703.249296512,1
1689206400000,2023-07-13T00:00:00+00:00,30381.5,31830,30257.1,31454.5,17625.281337,547030607.952671073,1
1689292800000,2023-07-14T00:00:00+00:00,31456.3,31637.8,29900.7,30310.1,14333.23763717,441140881.48332351,1
1689379200000,2023-07-15T00:00:00+00:00,30310.1,30395,30234,30291.8,3307.85415115,100248650.964153719,1
1689465600000,2023-07-16T00:00:00+00:00,30291.9,30440,30059.6,30231.3,4383.97025564,132645502.278088764,1
1689552000000,2023-07-17T00:00:00+00:00,30231.4,30330.8,29653.1,30136.3,7124.68128446,214205344.337312041,1
1689638400000,2023-07-18T00:00:00+00:00,30136.3,30239.6,29500,29858,7789.60372086,232654086.01860274,1
1689724800000,2023-07-19T00:00:00+00:00,29858.1,30187.7,29757.4,29911.8,4604.064294,138026945.810666775,1
1689811200000,2023-07-20T00:00:00+00:00,29911.7,30416,29560.7,29808.3,7712.91930234,231057133.775855998,1
1689897600000,2023-07-21T00:00:00+00:00,29808.4,30059,29721.5,29900.4,4114.18001098,122837140.332588166,1
1689984000000,2023-07-22T00:00:00+00:00,29900.4,29997.7,29630,29787.5,2378.36457364,70962173.145748298,1
1690070400000,2023-07-23T00:00:00+00:00,29787.5,30350,29730,30082.8,3292.37681117,98831559.865220593,1
1690156800000,2023-07-24T00:00:00+00:00,30082.8,30100,28866.7,29177.4,12326.21205421,360835254.67971133,1
1690243200000,2023-07-25T00:00:00+00:00,29177.4,29374,29053.8,29226.6,3863.49142036,112768209.3038664,1
1690329600000,2023-07-26T00:00:00+00:00,29226.7,29679,29100,29351.1,7388.62999208,216927120.426492491,1
1690416000000,2023-07-27T00:00:00+00:00,29351.2,29566.4,29084.7,29222.1,4354.17798659,127835961.366634113,1
1690502400000,2023-07-28T00:00:00+00:00,29222.2,29539.6,29129.5,29314.8,4152.70707979,121669128.152138408,1
1690588800000,2023-07-29T00:00:00+00:00,29314.9,29407.7,29256.3,29352.1,1697.79120247,49796671.591865304,1
1690675200000,2023-07-30T00:00:00+00:00,29352.2,29448.8,29030,29282.1,2921.49655607,85507042.268964903,1
1690761600000,2023-07-31T00:00:00+00:00,29282.1,29530,29111.1,29233.3,4009.75547808,117648376.876046037,1
1690848000000,2023-08-01T00:00:00+00:00,29233.2,29739.3,28570.1,29707.1,10000.83505762,290922569.817846735,1
1690934400000,2023-08-02T00:00:00+00:00,29708,30039.6,28923.8,29184.6,11540.68365428,340311263.883079014,1
1691020800000,2023-08-03T00:00:00+00:00,29184.5,29430.4,28970,29192.4,4503.98229618,131554744.080880571,1
1691107200000,2023-08-04T00:00:00+00:00,29192.5,29329.1,28802.2,29112.9,4764.60488652,138797012.722131936,1
1691193600000,2023-08-05T00:00:00+00:00,29112.9,29152.9,28981.3,29072,2268.68275035,65940442.399211265,1
1691280000000,2023-08-06T00:00:00+00:00,29072.1,29200,28989.6,29086.8,2002.23188258,58221649.624870191,1
1691366400000,2023-08-07T00:00:00+00:00,29086.9,29279,28701,29214.3,4844.62498085,140615553.547321749,1
1691452800000,2023-08-08T00:00:00+00:00,29214.4,30242.7,29144.8,29773.2,8971.68130564,265748772.681240987,1
1691539200000,2023-08-09T00:00:00+00:00,29771.2,30137.9,29375.9,29583.9,6653.32018671,197864005.072022018,1
1691625600000,2023-08-10T00:00:00+00:00,29584,29733.4,29330.2,29455.2,5733.77973025,169301812.135839321,1
1691712000000,2023-08-11T00:00:00+00:00,29455.3,29566.4,29250.8,29429.6,4404.42856557,129562071.051815218,1
1691798400000,2023-08-12T00:00:00+00:00,29429.6,29483.6,29379.2,29430.1,1736.9516066,51096407.900089338,1
1691884800000,2023-08-13T00:00:00+00:00,29430.1,29468.1,29271.7,29302,2144.31988158,63022525.697529371,1
1691971200000,2023-08-14T00:00:00+00:00,29302.1,29695,29100,29432,6353.94835747,186845631.82599358,1
1692057600000,2023-08-15T00:00:00+00:00,29432,29497.7,29076.9,29201.4,5339.28950549,156544705.665628829,1
1692144000000,2023-08-16T00:00:00+00:00,29201.4,29259.7,28721,28730.8,7261.73696005,211132675.799441237,1
1692230400000,2023-08-17T00:00:00+00:00,28730.9,28779.1,24220,26621,40450.70584616,1091732648.635047862,1
1692316800000,2023-08-18T00:00:00+00:00,26620.1,26822.7,25600.1,26055.6,19998.34285663,524741704.271572345,1
1692403200000,2023-08-19T00:00:00+00:00,26055.6,26274.7,25805.7,26101.8,4468.47546776,116343869.956470379,1
1692489600000,2023-08-20T00:00:00+00:00,26101.8,26299.8,25971.1,26190.8,2815.83193031,73549840.962097571,1
1692576000000,2023-08-21T00:00:00+00:00,26190.8,26260,25813.2,26128.1,5571.40956328,145152794.313697254,1
1692662400000,2023-08-22T00:00:00+00:00,26128.1,26142.5,25320,26056.7,6544.17216647,168957747.617880361,1
1692748800000,2023-08-23T00:00:00+00:00,26056.8,26816.4,25818,26436.1,9804.9556598,257834039.415939011,1
1692835200000,2023-08-24T00:00:00+00:00,26433,26573.3,25861.1,26179.9,6379.44695155,167384569.238380269,1
1692921600000,2023-08-25T00:00:00+00:00,26179.9,26309.9,25782.2,26061.6,5031.60226948,131043970.187219666,1
1693008000000,2023-08-26T00:00:00+00:00,26061.7,26124.3,25989.6,26022.2,1141.58742058,29735496.559178704,1
1693094400000,2023-08-27T00:00:00+00:00,26022.2,26179.8,25971.7,26102,1357.5228308,35414738.888476114,1
1693180800000,2023-08-28T00:00:00+00:00,26102,26250,25864.5,26116.1,3369.43873728,87749699.151816684,1
1693267200000,2023-08-29T00:00:00+00:00,26116.2,28163.5,25925,27720.1,21386.73664708,583861330.102138349,1
1693353600000,2023-08-30T00:00:00+00:00,27718.4,27771.3,27010,27299.9,7376.28172314,201688203.579271894,1
1693440000000,2023-08-31T00:00:00+00:00,27300,27605.5,25655.2,25938.6,15133.33894029,402162040.059888548,1
1693526400000,2023-09-01T00:00:00+00:00,25938.6,26152,25329,25806.3,8999.20469396,231996869.896668329,1
1693612800000,2023-09-02T00:00:00+00:00,25806.4,25986,25756.1,25870.7,2670.85560794,68993325.559812625,1
1693699200000,2023-09-03T00:00:00+00:00,25870.8,26138,25801.6,25971.9,2859.18156811,74180049.273942909,1
1693785600000,2023-09-04T00:00:00+00:00,25972,26103.3,25633.4,25827.3,4217.62343814,109072814.44641454,1
1693872000000,2023-09-05T00:00:00+00:00,25827.3,25911.1,25559.2,25791.9,4469.31164148,115052441.28178183,1
1693958400000,2023-09-06T00:00:00+00:00,25792,26053.4,25369.7,25761.4,5954.98163684,153049848.545613026,1
1694044800000,2023-09-07T00:00:00+00:00,25761.4,26450.9,25616.9,26259.8,6877.14402099,178928496.664736909,1
1694131200000,2023-09-08T00:00:00+00:00,26259.7,26442.4,25646,25915.3,6781.27037975,176284883.321179706,1
1694217600000,2023-09-09T00:00:00+00:00,25915.3,25946.6,25793.2,25905.5,1806.38600211,46736816.573142432,1
1694304000000,2023-09-10T00:00:00+00:00,25905.6,26038.1,25562.3,25841.1,4053.15882177,104566487.667708072,1
1694390400000,2023-09-11T00:00:00+00:00,25841,25905.6,24900,25165.5,11901.49097656,301418184.312073882,1
1694476800000,2023-09-12T00:00:00+00:00,25165.6,26585.3,25135.5,25843.7,17960.84320207,466204183.201383571,1
1694563200000,2023-09-13T00:00:00+00:00,25843.7,26409.5,25768,26222,7715.60371511,201577751.258841878,1
1694649600000,2023-09-14T00:00:00+00:00,26222.1,26876,26123,26527.8,9654.74458035,255886964.792324381,1
1694736000000,2023-09-15T00:00:00+00:00,26527.8,26900,26215.6,26603.1,5887.65296487,156137560.310776029,1
1694822400000,2023-09-16T00:00:00+00:00,26603.1,26785,26451.1,26564.2,2532.47801684,67285449.021223035,1
1694908800000,2023-09-17T00:00:00+00:00,26564.8,26621.8,26401.6,26528.3,2014.41739619,53409037.075554752,1
1694995200000,2023-09-18T00:00:00+00:00,26528.3,27415.2,26377,26760.3,10652.37761353,287244619.346798895,1
1695081600000,2023-09-19T00:00:00+00:00,26760.3,27500,26669,27209.9,9336.50241516,253251387.894958607,1
1695168000000,2023-09-20T00:00:00+00:00,27209.8,27386.5,26786.4,27120.3,8488.12129832,229973689.583333876,1
1695254400000,2023-09-21T00:00:00+00:00,27120.3,27157.3,26366.6,26566.1,7892.52643228,210843555.120120824,1
1695340800000,2023-09-22T00:00:00+00:00,26566,26746,26469.4,26579.9,6677.19614313,177776854.558695342,1
1695427200000,2023-09-23T00:00:00+00:00,26580,26638.2,26509.9,26576.2,2561.42908486,68062758.180102401,1
1695513600000,2023-09-24T00:00:00+00:00,26576.3,26737.4,26108.5,26248.5,3547.35905343,93783407.793603881,1
1695600000000,2023-09-25T00:00:00+00:00,26247.8,26446,25989.6,26302.7,6759.31365095,177069211.181988522,1
1695686400000,2023-09-26T00:00:00+00:00,26302.7,26400,26083,26220.3,4002.51404992,104965531.572481406,1
1695772800000,2023-09-27T00:00:00+00:00,26220.3,26852.1,26109.5,26371.9,11009.11274277,291348877.042408721,1
1695859200000,2023-09-28T00:00:00+00:00,26371.9,27316,26343.6,27023.7,12490.70702859,335003020.03928305,1
1695945600000,2023-09-29T00:00:00+00:00,27023.8,27249.7,26658,26909.9,7540.96019623,203281310.409454387,1
1696032000000,2023-09-30T00:00:00+00:00,26910,27089.4,26888.1,26961.7,2179.41902917,58772351.03931631,1
1696118400000,2023-10-01T00:00:00+00:00,26961.7,28500,26954.6,27995.2,8808.56483637,242982971.813153925,1
1696204800000,2023-10-02T00:00:00+00:00,27995.3,28600,27280.4,27497.2,17059.60378071,478360277.91946149,1
1696291200000,2023-10-03T00:00:00+00:00,27495,27666.8,27159.2,27425.8,6666.04645833,182956955.386456971,1
1696377600000,2023-10-04T00:00:00+00:00,27425.9,27841,27200.4,27782,4988.57146154,137315135.86107186,1
1696464000000,2023-10-05T00:00:00+00:00,27782.1,28127,27350,27410,8184.66067502,226737994.825682763,1
1696550400000,2023-10-06T00:00:00+00:00,27410,28316,27173.6,27932,10546.98533363,292524094.906105232,1
1696636800000,2023-10-07T00:00:00+00:00,27932.1,28023.4,27846.3,27956,2985.07335055,83364809.697008946,1
1696723200000,2023-10-08T00:00:00+00:00,27956.1,28092,27686.1,27920,4043.72026298,112838666.799924727,1
1696809600000,2023-10-09T00:00:00+00:00,27920,27987.9,27260,27588,8313.73417807,229432176.864532348,1
1696896000000,2023-10-10T00:00:00+00:00,27588,27733.6,27295.6,27388.7,7093.49007317,195124379.894367329,1
1696982400000,2023-10-11T00:00:00+00:00,27388.7,27473,26530,26878.9,12199.04455965,328795246.768932814,1
1697068800000,2023-10-12T00:00:00+00:00,26878.8,26945,26551.6,26761.3,6210.95796559,166245460.042227922,1
1697155200000,2023-10-13T00:00:00+00:00,26761.3,27132,26680.8,26864.9,5704.86018082,153266252.516223563,1
1697241600000,2023-10-14T00:00:00+00:00,26865,26989.6,26782.6,26852.5,3498.54689465,94090473.813672592,1
1697328000000,2023-10-15T00:00:00+00:00,26852.6,27288,26808,27153,3701.04493961,99932671.006033574,1
1697414400000,2023-10-16T00:00:00+00:00,27153,30535.8,27108.2,28503.6,36375.83933661,1032275952.147348302,1
1697500800000,2023-10-17T00:00:00+00:00,28503.1,28613.9,28069.9,28394,8757.19638031,248476331.796350117,1
1697587200000,2023-10-18T00:00:00+00:00,28394.1,28993.8,28134.1,28322,8775.65139925,250089380.854894631,1
1697673600000,2023-10-19T00:00:00+00:00,28322,28943.1,28103.6,28717.8,9168.75970883,261757302.122879024,1
1697760000000,2023-10-20T00:00:00+00:00,28717.9,30267.9,28575,29667.8,20022.0146835,591684185.651615389,1
1697846400000,2023-10-21T00:00:00+00:00,29667.8,30390.8,29465.4,29912.8,6194.85050182,185251585.688897487,1
1697932800000,2023-10-22T00:00:00+00:00,29912.7,30300,29632.5,29994.6,6154.21210124,184264242.379832103,1
1698019200000,2023-10-23T00:00:00+00:00,29994.7,35919.2,29887.1,33074.4,35969.89113198,1144228867.136387589,1
1698105600000,2023-10-24T00:00:00+00:00,33074.3,35272.9,32835,33923.6,33156.96307671,1132672573.144452707,1
1698192000000,2023-10-25T00:00:00+00:00,33921.5,35148.7,33680.8,34493.9,11685.69060985,402112596.920646418,1
1698278400000,2023-10-26T00:00:00+00:00,34493.9,34828,33748.4,34153.2,8291.64782617,284298469.832902272,1
1698364800000,2023-10-27T00:00:00+00:00,34153.2,34245.8,33358.1,33892,8839.41835149,299714247.188115623,1
1698451200000,2023-10-28T00:00:00+00:00,33895,34523.6,33860.7,34079.3,5195.44336301,177402202.893942334,1
1698537600000,2023-10-29T00:00:00+00:00,34079.3,34752.2,33930.6,34522.8,4981.82729813,171436072.150263541,1
1698624000000,2023-10-30T00:00:00+00:00,34522.8,34868,34016.5,34482.6,11221.02701152,386546510.879415721,1
1698710400000,2023-10-31T00:00:00+00:00,34480.4,34739,34025.5,34638.6,9468.12743235,325580097.847071977,1
1698796800000,2023-11-01T00:00:00+00:00,34638.7,35699.5,34054.9,35423.2,15836.97441195,550465558.642574172,1
1698883200000,2023-11-02T00:00:00+00:00,35423.8,35989,34289.6,34943.9,16396.72808865,576043030.623754131,1
1698969600000,2023-11-03T00:00:00+00:00,34943.8,34943.9,34120,34714.9,11766.67866414,405922910.31581885,1
1699056000000,2023-11-04T00:00:00+00:00,34714.9,35262.2,34584.1,35065,5808.08711092,202331371.904391112,1
1699142400000,2023-11-05T00:00:00+00:00,35064.9,35420,34407.1,35011.7,8540.73721506,299046629.116562749,1
1699228800000,2023-11-06T00:00:00+00:00,35011.9,35277.4,34731.3,35047.2,7676.46467573,268729177.928764437,1
1699315200000,2023-11-07T00:00:00+00:00,35047.3,35899,34521.2,35399.8,11919.04674294,418357070.311692188,1
1699401600000,2023-11-08T00:00:00+00:00,35399.7,36123,35083.6,35625.3,11580.2800238,411604695.15391179,1
1699488000000,2023-11-09T00:00:00+00:00,35624.2,38028.1,35532.2,36701.3,34878.71666761,1281210962.140302533,1
1699574400000,2023-11-10T00:00:00+00:00,36702.2,37542.4,36322.3,37303.3,10960.85777212,405061559.996357274,1
1699660800000,2023-11-11T00:00:00+00:00,37305.9,37399.8,36630,37131.4,5586.75036522,206906428.453239422,1
1699747200000,2023-11-12T00:00:00+00:00,37131.5,37222.6,36732,37063.3,4254.46326784,157691737.119057303,1
1699833600000,2023-11-13T00:00:00+00:00,37063.2,37420,36330.1,36469.9,9066.6429676,333885376.29397281,1
1699920000000,2023-11-14T00:00:00+00:00,36469.9,36745.8,34471.6,35544.4,19579.68689348,704022376.454615876,1
1700006400000,2023-11-15T00:00:00+00:00,35544.3,37967.9,35357,37856.9,19410.05762024,711075381.784026582,1
1700092800000,2023-11-16T00:00:00+00:00,37856.9,37931.4,35500,36162.7,15564.79823536,571810224.963169211,1
1700179200000,2023-11-17T00:00:00+00:00,36162.7,36896.6,35843.3,36610,15340.85651523,557482952.00541863,1
1700265600000,2023-11-18T00:00:00+00:00,36610.4,36850,36172.9,36575.9,6111.10462721,223021767.515627819,1
1700352000000,2023-11-19T00:00:00+00:00,36576,37500,36382.2,37365.3,6594.37116969,243014868.766464704,1
1700438400000,2023-11-20T00:00:00+00:00,37365.3,37758,36598.7,37449.4,13578.05728286,506114015.710372511,1
1700524800000,2023-11-21T00:00:00+00:00,37449.5,37653.9,35727.7,35739,20189.77103354,743536433.92821474,1
1700611200000,2023-11-22T00:00:00+00:00,35738.9,37868,35621.1,37409.8,17520.81050863,644546759.209859432,1
1700697600000,2023-11-23T00:00:00+00:00,37409.8,37642.6,36867.5,37297,7925.42994144,295566499.353185954,1
1700784000000,2023-11-24T00:00:00+00:00,37297,38424.6,37252.1,37718.1,16162.14164697,611115417.364250451,1
1700870400000,2023-11-25T00:00:00+00:00,37718.1,37888,37591,37780.8,3093.08481816,116761983.784392989,1
1700956800000,2023-11-26T00:00:00+00:00,37780.9,37822.1,37110.8,37444.1,7012.13571628,262806971.133235762,1
1701043200000,2023-11-27T00:00:00+00:00,37445.8,37562.4,36710,37244.3,13319.01698552,493933800.194397563,1
1701129600000,2023-11-28T00:00:00+00:00,37244.4,38391.6,36874,37815.9,13010.23316426,489687917.011830311,1
1701216000000,2023-11-29T00:00:00+00:00,37816,38487,37562.7,37853.3,10780.27897329,409152078.189649513,1
1701302400000,2023-11-30T00:00:00+00:00,37853.3,38144,37419.5,37727.2,6936.92936327,261799389.775120466,1
1701388800000,2023-12-01T00:00:00+00:00,37729.1,38989.7,37612,38683.5,15182.80437366,583980593.275152999,1
1701475200000,2023-12-02T00:00:00+00:00,38683.5,39828.5,38633.2,39450.1,9720.70265768,380655920.040626656,1
1701561600000,2023-12-03T00:00:00+00:00,39448,40273,39275.8,39972.2,7642.75756585,303325827.353852321,1
1701648000000,2023-12-04T00:00:00+00:00,39972.1,42449.9,39970,41987.2,27537.71518654,1141152137.776490423,1
1701734400000,2023-12-05T00:00:00+00:00,41988.8,44496.2,41414,44070,24861.44641471,1065070396.054928837,1
1701820800000,2023-12-06T00:00:00+00:00,44070,44293.8,43362.4,43760.1,17600.62369253,772223945.235940264,1
1701907200000,2023-12-07T00:00:00+00:00,43765.9,44050,42836,43273.2,13421.93484531,583095747.14912598,1
1701993600000,2023-12-08T00:00:00+00:00,43270,44726.8,43083.7,44179.8,11731.95577458,513006496.70225849,1
1702080000000,2023-12-09T00:00:00+00:00,44179.8,44360.7,43600,43720.1,9493.08421395,417037964.36821203,1
1702166400000,2023-12-10T00:00:00+00:00,43722.1,44050,43600,43792.2,5392.98422798,236162781.741713552,1
1702252800000,2023-12-11T00:00:00+00:00,43792.6,43814.7,40200,41250.9,32119.9090069,1341516588.684929611,1
1702339200000,2023-12-12T00:00:00+00:00,41248.3,42100,40682,41490.4,14197.51802171,589754660.964579437,1
1702425600000,2023-12-13T00:00:00+00:00,41490.4,43500,40516.8,42869.6,15172.21696139,634728223.627592495,1
1702512000000,2023-12-14T00:00:00+00:00,42869.5,43436.7,41202,43025.5,18453.06371431,787826044.868096531,1
1702598400000,2023-12-15T00:00:00+00:00,43025.6,43086.1,41652.5,41939.1,11849.35374699,502241765.676373582,1
1702684800000,2023-12-16T00:00:00+00:00,41943.1,42717.4,41613.2,42273,7018.49156629,296831908.406979337,1
1702771200000,2023-12-17T00:00:00+00:00,42272.9,42430,41252.6,41376.1,8710.68480595,364927969.436155748,1
1702857600000,2023-12-18T00:00:00+00:00,41374.4,42772,40544.4,42653.9,17007.66186015,704330178.994170991,1
1702944000000,2023-12-19T00:00:00+00:00,42652.1,43487.5,41811.3,42279,14566.93339055,621905483.487284733,1
1703030400000,2023-12-20T00:00:00+00:00,42279.1,44300,42200.2,43670.1,17258.32974365,749733049.026858691,1
1703116800000,2023-12-21T00:00:00+00:00,43670.2,44248.2,43293,43859.8,12457.68090873,544853811.812324332,1
1703203200000,2023-12-22T00:00:00+00:00,43859.9,44406.3,43415,43970.7,9820.99147012,430290528.365790463,1
1703289600000,2023-12-23T00:00:00+00:00,43970.7,43990,43288,43703.9,4738.25836358,206814513.277377542,1
1703376000000,2023-12-24T00:00:00+00:00,43703.8,43944.3,42521.9,42986.1,6756.98822602,292955978.607517871,1
1703462400000,2023-12-25T00:00:00+00:00,42986.1,43807.9,42725.7,43569.2,7317.5732072,317152479.985545614,1
1703548800000,2023-12-26T00:00:00+00:00,43569.2,43590.7,41610,42513.2,14328.36837927,609734619.535481203,1
1703635200000,2023-12-27T00:00:00+00:00,42513.2,43691.5,42111.1,43431.9,10790.57422662,462674654.987789839,1
1703721600000,2023-12-28T00:00:00+00:00,43431.9,43788.6,42267.5,42562.6,11995.88647046,513983335.666235444,1
1703808000000,2023-12-29T00:00:00+00:00,42562.6,43113.6,41267.1,42064.1,16648.48853238,704466803.399557323,1
1703894400000,2023-12-30T00:00:00+00:00,42064,42611.5,41521.6,42147.5,9065.15960695,381938506.601886217,1
1703980800000,2023-12-31T00:00:00+00:00,42147.5,42888,41971.6,42283,8220.41272163,349009993.718242999,1
1704067200000,2024-01-01T00:00:00+00:00,42284,44200,42182,44186.8,9208.74124035,396418734.775661944,1
1704153600000,2024-01-02T00:00:00+00:00,44186.9,45884.6,44153.3,44955.9,22725.63187567,1026548898.097525554,1
1704240000000,2024-01-03T00:00:00+00:00,44955.9,45515.8,40157.3,42839.6,42418.67607267,1813465927.926576825,1
1704326400000,2024-01-04T00:00:00+00:00,42839.5,44888,42614.7,44153.9,20648.61582672,901904524.407669754,1
1704412800000,2024-01-05T00:00:00+00:00,44151.3,44393,42250.1,44145.4,22996.95760799,1003751156.197758973,1
1704499200000,2024-01-06T00:00:00+00:00,44146.4,44208.2,43392.2,43970.3,6511.72435718,285068878.776131749,1
1704585600000,2024-01-07T00:00:00+00:00,43968.2,44481.2,43580.2,43929.9,9547.26250619,420651997.835056563,1
1704672000000,2024-01-08T00:00:00+00:00,43930,47300,43180.1,46952,30217.1474691,1365189518.217281265,1
1704758400000,2024-01-09T00:00:00+00:00,46952,48023.7,44641,46109.3,33459.60555624,1553630522.540606029,1
1704844800000,2024-01-10T00:00:00+00:00,46109.4,47695,44289.5,46645.9,44850.0632577,2052968305.519846561,1
1704931200000,2024-01-11T00:00:00+00:00,46645.9,48988,45569.7,46338.9,34682.58580678,1626847163.831700585,1
1705017600000,2024-01-12T00:00:00+00:00,46338.9,46519.9,41360.9,42784,33022.16065529,1465907391.175501839,1
1705104000000,2024-01-13T00:00:00+00:00,42784.1,43250,42437.7,42848.8,12005.1031022,514433613.764155707,1
1705190400000,2024-01-14T00:00:00+00:00,42848.7,43079.3,41721,41731.1,9540.99415434,406053731.402571315,1
1705276800000,2024-01-15T00:00:00+00:00,41733.2,43388,41715.2,42525.6,13418.98262117,571626745.064329323,1
1705363200000,2024-01-16T00:00:00+00:00,42514.5,43585,42045.4,43139.8,13176.25831477,565571080.91934431,1
1705449600000,2024-01-17T00:00:00+00:00,43139.7,43200,42205.1,42777.1,9060.15866766,386689787.570079062,1
1705536000000,2024-01-18T00:00:00+00:00,42777.1,42925.5,40678.3,41326,14465.61906715,604287311.585545083,1
1705622400000,2024-01-19T00:00:00+00:00,41325.9,42187.2,40258.2,41660,15676.69827158,646169115.992992382,1
1705708800000,2024-01-20T00:00:00+00:00,41660.1,41875,41452,41693.8,3721.97261345,154898009.204390529,1
1705795200000,2024-01-21T00:00:00+00:00,41693.8,41883.2,41501,41582.9,2934.29571937,122382097.767100648,1
1705881600000,2024-01-22T00:00:00+00:00,41582.4,41689.8,39400,39571,22249.16542158,901341279.590501263,1
1705968000000,2024-01-23T00:00:00+00:00,39571.1,40194.3,38554,39900.2,16630.80730532,654046362.590909876,1
1706054400000,2024-01-24T00:00:00+00:00,39899.4,40588,39497.3,40085.1,13420.74065064,536450393.62905993,1
1706140800000,2024-01-25T00:00:00+00:00,40085.2,40306,39538.9,39962.6,9277.90415915,370480654.740847803,1
1706227200000,2024-01-26T00:00:00+00:00,39962.7,42249.9,39825.2,41819.9,19074.80564488,784576487.539172265,1
1706313600000,2024-01-27T00:00:00+00:00,41820.5,42199.9,41380.4,42120.2,5510.23199482,230243974.033877652,1
1706400000000,2024-01-28T00:00:00+00:00,42120.1,42838.2,41617.2,42033.2,7021.70689085,297022962.251263802,1
1706486400000,2024-01-29T00:00:00+00:00,42036.7,43300,41799.5,43296.9,12314.05669022,525159610.882543154,1
1706572800000,2024-01-30T00:00:00+00:00,43297,43884.4,42690.1,42941.8,15829.49322093,687305131.450482593,1
1706659200000,2024-01-31T00:00:00+00:00,42941.8,43748.8,42288.8,42576,14559.01681107,625358388.439120732,1
1706745600000,2024-02-01T00:00:00+00:00,42576,43286.2,41868.2,43086.8,11603.77570855,492451129.831666747,1
1706832000000,2024-02-02T00:00:00+00:00,43086.8,43485.2,42546.8,43197.2,8838.60533425,380622345.794265623,1
1706918400000,2024-02-03T00:00:00+00:00,43197.3,43380,42877.2,43013.6,2640.03009624,113797619.955423606,1
1707004800000,2024-02-04T00:00:00+00:00,43013.6,43116.8,42188,42590,4681.84769341,200443233.28663527,1
1707091200000,2024-02-05T00:00:00+00:00,42588,43571.8,42256.5,42707.1,9009.46675509,385678326.949486277,1
1707177600000,2024-02-06T00:00:00+00:00,42707.1,43388,42570.8,43095.5,5927.96868563,254800431.284369972,1
1707264000000,2024-02-07T00:00:00+00:00,43100,44422.1,42787.8,44349.7,9329.48908034,405572915.395953046,1
1707350400000,2024-02-08T00:00:00+00:00,44345.8,45611,44330,45287.5,11961.42355731,537668933.314125275,1
1707436800000,2024-02-09T00:00:00+00:00,45287.5,48219.9,45245,47132.2,20392.82747865,958504616.047583482,1
1707523200000,2024-02-10T00:00:00+00:00,47132.2,48175.5,46841.6,47747.7,5114.99543138,242418981.878278008,1
1707609600000,2024-02-11T00:00:00+00:00,47747.8,48594.4,47566,48299.9,6178.23428192,297695551.912449596,1
1707696000000,2024-02-12T00:00:00+00:00,48299.9,50333.3,47705.7,49920,15657.07530443,770027726.000467581,1
1707782400000,2024-02-13T00:00:00+00:00,49919.9,50385.1,48300,49694.6,14906.36152162,735153035.083774689,1
1707868800000,2024-02-14T00:00:00+00:00,49700.4,52045.7,49228.3,51795.6,15880.82867375,812070222.703106898,1
1707955200000,2024-02-15T00:00:00+00:00,51797.6,52813,51309.5,51880.4,15586.73173065,811906496.86816834,1
1708041600000,2024-02-16T00:00:00+00:00,51880.4,52574.2,51562.5,52126.7,11542.17818038,600402804.71852141,1
1708128000000,2024-02-17T00:00:00+00:00,52126.7,52165.9,50618.6,51646,7834.56161713,402999196.448369752,1
1708214400000,2024-02-18T00:00:00+00:00,51646,52399.5,51154,52138.3,5329.60450143,276082048.484725241,1
1708300800000,2024-02-19T00:00:00+00:00,52138.5,52489.2,51680.1,51775.6,6796.07453927,354234522.749149889,1
1708387200000,2024-02-20T00:00:00+00:00,51775.5,53006,50752.3,52265.4,16704.3469341,866723839.647037122,1
1708473600000,2024-02-21T00:00:00+00:00,52265.5,52371.4,50533.8,51848,12009.96359497,616016280.81464957,1
1708560000000,2024-02-22T00:00:00+00:00,51848.1,52080,50936,51290,10195.3568812,525836990.681945356,1
1708646400000,2024-02-23T00:00:00+00:00,51290.1,51547.3,50513.1,50748.2,10224.10429309,521782470.891222427,1
1708732800000,2024-02-24T00:00:00+00:00,50749.9,51700,50574,51563.6,5026.95029792,257240304.018540374,1
1708819200000,2024-02-25T00:00:00+00:00,51567.4,51984.8,51266.4,51731.4,5316.71577556,274605016.990168566,1
1708905600000,2024-02-26T00:00:00+00:00,51731.4,54923,50902.2,54471,15063.98807421,796789242.87393419,1
1708992000000,2024-02-27T00:00:00+00:00,54473.9,57614.3,54451,57038.6,20067.0674525,1133638438.105049874,1
1709078400000,2024-02-28T00:00:00+00:00,57042.9,64085.2,56700,62426.1,35345.53347007,2131322758.078070856,1
1709164800000,2024-02-29T00:00:00+00:00,62427,63661,60372,61149.9,20134.81520703,1250456743.353036173,1
1709251200000,2024-03-01T00:00:00+00:00,61150,63114.4,60773.3,62376.9,13571.00330109,839977275.284612686,1
1709337600000,2024-03-02T00:00:00+00:00,62376.9,62441,61559.7,62010,6556.23002006,406348416.642686624,1
1709424000000,2024-03-03T00:00:00+00:00,62008,63248.5,61307,63112.7,8059.8814096,501383707.430147517,1
1709510400000,2024-03-04T00:00:00+00:00,63112.6,68500,62273.2,68244.4,25528.86056163,1672040598.639951696,1
1709596800000,2024-03-05T00:00:00+00:00,68244.4,69080,59000,63719.5,41092.27985353,2680981007.126189918,1
1709683200000,2024-03-06T00:00:00+00:00,63719.5,67647.4,62775.8,66078,24575.32657413,1618078106.677375612,1
1709769600000,2024-03-07T00:00:00+00:00,66078,67996,65544,66829,11820.98486902,790162598.298412943,1
1709856000000,2024-03-08T00:00:00+00:00,66829,70040,66063.3,68125,22875.25967186,1553900963.198492206,1
1709942400000,2024-03-09T00:00:00+00:00,68124.9,68553.7,67858.9,68311.6,4613.51217198,314703287.27671732,1
1710028800000,2024-03-10T00:00:00+00:00,68311.6,69910.7,68050,68953.6,10428.60766495,721986774.802905647,1
1710115200000,2024-03-11T00:00:00+00:00,68953.7,72800,66944.1,72084.4,21607.69295364,1532765117.889583168,1
1710201600000,2024-03-12T00:00:00+00:00,72084.4,73095.2,68600,71450.1,20555.95351626,1465158732.245550108,1
1710288000000,2024-03-13T00:00:00+00:00,71450,73625.6,71321.8,73082.7,12637.16288533,918111869.682052183,1
1710374400000,2024-03-14T00:00:00+00:00,73082.7,73787.1,68600,71399.3,19889.66811997,1420315776.688585605,1
1710460800000,2024-03-15T00:00:00+00:00,71399.4,72432,65588,69500,29758.60274082,2032983321.809344528,1
1710547200000,2024-03-16T00:00:00+00:00,69500,70050,64742.5,65308.1,14370.97556553,971552684.703014474,1
1710633600000,2024-03-17T00:00:00+00:00,65308.2,68910.5,64541.7,68399.1,15158.32487217,1010869739.080270272,1
1710720000000,2024-03-18T00:00:00+00:00,68399.1,68974,66560,67611.9,14313.27474159,968546909.133973041,1
1710806400000,2024-03-19T00:00:00+00:00,67611.9,68121.6,61558.8,61936.4,32495.38180492,2086804656.078666841,1
1710892800000,2024-03-20T00:00:00+00:00,61936.4,68096,60767.5,67825.1,26796.91851065,1705352406.096167068,1
1710979200000,2024-03-21T00:00:00+00:00,67834,68247.2,64520,65507.9,17408.59709671,1158649155.329298636,1
1711065600000,2024-03-22T00:00:00+00:00,65504,66641.9,62200,63801.5,15493.95908439,995686051.323248927,1
1711152000000,2024-03-23T00:00:00+00:00,63801.5,66000,63008,63987.1,7268.93692887,469524220.39414599,1
1711238400000,2024-03-24T00:00:00+00:00,63987.2,67631,63765.9,67211.9,9375.2257097,612586175.460761616,1
1711324800000,2024-03-25T00:00:00+00:00,67211.9,71142,66374.5,69869.8,16888.60361696,1160229912.092384901,1
1711411200000,2024-03-26T00:00:00+00:00,69869.8,71547.3,69283.8,69995.6,12805.92737364,900694164.239712239,1
1711497600000,2024-03-27T00:00:00+00:00,69995.7,71777,68400,69466.4,16558.16112924,1155421394.772629146,1
1711584000000,2024-03-28T00:00:00+00:00,69468.1,71541.1,68908,70785.1,11236.67481581,792399442.879027227,1
1711670400000,2024-03-29T00:00:00+00:00,70785.2,70928.8,69001.1,69857.7,9228.00297939,645729603.109168905,1
1711756800000,2024-03-30T00:00:00+00:00,69857.7,70322.6,69542.7,69591.1,3500.23244869,244908210.401332409,1
1711843200000,2024-03-31T00:00:00+00:00,69598,71400.1,69566.7,71290.5,5251.29340281,370247281.977663741,1
1711929600000,2024-04-01T00:00:00+00:00,71286,71304.6,68050.3,69652.8,13931.43587275,967079121.08476604,1
1712016000000,2024-04-02T00:00:00+00:00,69652.9,69680.5,64566.4,65474.6,20739.14129929,1372745791.52392466,1
1712102400000,2024-04-03T00:00:00+00:00,65468.8,66908.3,64403.1,65966.7,11178.20792715,737830933.026305424,1
1712188800000,2024-04-04T00:00:00+00:00,65964.3,69319.4,65060.3,68500,14268.20551292,960554403.893364881,1
1712275200000,2024-04-05T00:00:00+00:00,68494.2,68747.9,65958.8,67833.5,12478.98068579,841049116.764538614,1
1712361600000,2024-04-06T00:00:00+00:00,67833.5,69696,67460.7,68896.7,4465.64935442,304914418.614871221,1
1712448000000,2024-04-07T00:00:00+00:00,68896.8,70329.3,68817.7,69358,6101.1330588,423985957.554310018,1
1712534400000,2024-04-08T00:00:00+00:00,69354.5,72799,69045.7,71633.8,14895.7740168,1063989612.757459356,1
1712620800000,2024-04-09T00:00:00+00:00,71637,71757.8,68154.9,69141.9,13076.05373361,914031626.823691892,1
1712707200000,2024-04-10T00:00:00+00:00,69142,71190.5,67506.8,70635.9,13247.78686756,915157745.830792027,1
1712793600000,2024-04-11T00:00:00+00:00,70637.1,71315.9,69544.8,70012,9709.47210265,683658882.327420328,1
1712880000000,2024-04-12T00:00:00+00:00,70012.1,71230,64845.4,67120.7,20640.01931757,1410268991.168524691,1
1712966400000,2024-04-13T00:00:00+00:00,67120.7,67940,60000,63928.3,28670.47485366,1846098951.29146738,1
1713052800000,2024-04-14T00:00:00+00:00,63928.3,65856.8,62113.1,65670,22110.01134602,1416138323.04053968,1
1713139200000,2024-04-15T00:00:00+00:00,65666,66867.2,62282.5,63429.7,17291.87656457,1120760139.312897849,1
1713225600000,2024-04-16T00:00:00+00:00,63429.7,64376.9,61568.1,63796,17183.65592234,1078942556.53072596,1
1713312000000,2024-04-17T00:00:00+00:00,63796.1,64523.1,59632.6,61274.5,21148.33575828,1309145039.370969469,1
1713398400000,2024-04-18T00:00:00+00:00,61274.5,64133.8,60804.6,63480,15072.89450555,941687782.725272579,1
1713484800000,2024-04-19T00:00:00+00:00,63480.1,65440,59587.2,63814.1,25202.9595443,1593447830.303931101,1
1713571200000,2024-04-20T00:00:00+00:00,63816,65422.9,63091.2,64938.1,6511.75936151,418053655.105354434,1
1713657600000,2024-04-21T00:00:00+00:00,64938.1,65704.5,64211.1,64937.9,6842.64748929,444404439.255172579,1
1713744000000,2024-04-22T00:00:00+00:00,64938,67248,64508.2,66812.9,10867.96136115,717594603.284252515,1
1713830400000,2024-04-23T00:00:00+00:00,66813,67183,65808.5,66413.9,6656.10978476,442389008.48096664,1
1713916800000,2024-04-24T00:00:00+00:00,66413.9,67078.2,63602.8,64282.6,9961.43429158,650816204.690852413,1
1714003200000,2024-04-25T00:00:00+00:00,64278.6,65289.8,62747.4,64505.7,16225.90838246,1037196176.221241205,1
1714089600000,2024-04-26T00:00:00+00:00,64500.2,64814.8,63313.9,63774.1,8404.50691333,538922042.157136208,1
1714176000000,2024-04-27T00:00:00+00:00,63774.2,63925,62380.6,63460,6284.79056322,396316232.366635415,1
1714262400000,2024-04-28T00:00:00+00:00,63460.1,64380,62775.2,63122,4982.07074361,316942252.934853967,1
1714348800000,2024-04-29T00:00:00+00:00,63127.9,64225.9,61787.8,63869.9,11149.42747078,699150535.73898731,1
1714435200000,2024-04-30T00:00:00+00:00,63870,64732,59177.6,60675.1,15444.11152123,948600125.90176329,1
1714521600000,2024-05-01T00:00:00+00:00,60675.1,60846.7,56555,58341.8,26517.29432556,1535527601.219664466,1
1714608000000,2024-05-02T00:00:00+00:00,58341.9,59661.6,56953.1,59062.2,12543.62019759,732849545.881459662,1
1714694400000,2024-05-03T00:00:00+00:00,59062.2,63349.9,58800,62875.9,14714.37919201,898204510.99459367,1
1714780800000,2024-05-04T00:00:00+00:00,62876,64545.3,62548.5,63894.1,7450.48367954,473219908.346675699,1
1714867200000,2024-05-05T00:00:00+00:00,63894.2,64652.4,62884.7,64017.7,6267.5743664,399938919.685905923,1
1714953600000,2024-05-06T00:00:00+00:00,64017.7,65518,62697.2,63175.6,12646.15735754,808819199.255504683,1
1715040000000,2024-05-07T00:00:00+00:00,63173.5,64411.8,62226.3,62318.2,9884.62115734,627553777.797725923,1
1715126400000,2024-05-08T00:00:00+00:00,62318.1,63029.4,60880,61193.9,7789.48080976,484465401.322186027,1
1715212800000,2024-05-09T00:00:00+00:00,61187.5,63427.7,60625,63069,7515.00010569,464754111.66795557,1
1715299200000,2024-05-10T00:00:00+00:00,63069,63470.5,60180,60800.2,11115.89692559,687471172.542636863,1
1715385600000,2024-05-11T00:00:00+00:00,60802,61525,60468.1,60826,2856.97259831,174141171.235842567,1
1715472000000,2024-05-12T00:00:00+00:00,60826.6,61874.9,60604,61470.1,3286.61858388,201150579.88958811,1
1715558400000,2024-05-13T00:00:00+00:00,61477.2,63459.3,60758.9,62934.8,9799.90901641,610601666.020669592,1
1715644800000,2024-05-14T00:00:00+00:00,62932,63114.6,61120.2,61573,9519.39448017,589261953.491734568,1
1715731200000,2024-05-15T00:00:00+00:00,61573,66490.8,61338,66212.7,13168.01261139,843020309.077452297,1
1715817600000,2024-05-16T00:00:00+00:00,66212.6,66789,64610,65235.9,9079.14426543,597300135.153997883,1
1715904000000,2024-05-17T00:00:00+00:00,65235.9,67459,65100,67017.9,7883.46178472,523457810.456951803,1
1715990400000,2024-05-18T00:00:00+00:00,67018,67389.1,66588.1,66911,3004.81913964,201177461.826497556,1
1716076800000,2024-05-19T00:00:00+00:00,66911.1,67750.7,65839.1,66271.6,4013.49007468,268549419.06633355,1
1716163200000,2024-05-20T00:00:00+00:00,66271.6,71571.6,66060.6,71429.7,13083.61708206,897229921.677656531,1
1716249600000,2024-05-21T00:00:00+00:00,71430.2,71979,69161,70144.7,13481.37279155,954125046.335441009,1
1716336000000,2024-05-22T00:00:00+00:00,70144.7,70665.8,68888,69173.5,7716.08280423,538626812.128911438,1
1716422400000,2024-05-23T00:00:00+00:00,69173.5,70087.6,66256.3,67967.5,11956.89622552,817553111.949274749,1
1716508800000,2024-05-24T00:00:00+00:00,67967.4,69250,66608.8,68559.9,7444.54054893,505362525.059860305,1
1716595200000,2024-05-25T00:00:00+00:00,68560,69639.3,68499.7,69290.4,2595.30072541,179153707.527241025,1
1716681600000,2024-05-26T00:00:00+00:00,69290.5,69556.6,68150.2,68506.3,2920.38741777,201284721.292675019,1
1716768000000,2024-05-27T00:00:00+00:00,68506.3,70688,68256.3,69416.1,5825.16743865,404456779.684408528,1
1716854400000,2024-05-28T00:00:00+00:00,69416.1,69614.4,67264.3,68405.9,7842.2355098,535764373.144144711,1
1716940800000,2024-05-29T00:00:00+00:00,68406,68934.6,67137.5,67647.7,5756.61837647,391227812.033995593,1
1717027200000,2024-05-30T00:00:00+00:00,67647.6,69515,67123.9,68357.9,8033.24955233,548238590.446138785,1
1717113600000,2024-05-31T00:00:00+00:00,68358.5,69049.6,66654.1,67542.5,7256.03603271,492720462.433654807,1
1717200000000,2024-06-01T00:00:00+00:00,67542.6,67890,67441.6,67757.8,2154.40697485,145858143.681910523,1
1717286400000,2024-06-02T00:00:00+00:00,67757.8,68472.3,67267.1,67767.7,2760.06681589,187337796.472971485,1
1717372800000,2024-06-03T00:00:00+00:00,67767.6,70299.4,67613.4,68800.7,8704.69617309,601513371.653219042,1
1717459200000,2024-06-04T00:00:00+00:00,68800.7,71071.9,68560.1,70532.3,8299.72123821,579648123.188645097,1
1717545600000,2024-06-05T00:00:00+00:00,70532.2,71754.7,70376,71112,7996.67451304,568100531.335480005,1
1717632000000,2024-06-06T00:00:00+00:00,71105.5,71651.5,70120,70791.4,4445.15747982,315615233.118415708,1
1717718400000,2024-06-07T00:00:00+00:00,70791.4,71997,68300,69348,10671.69171983,751296845.613938746,1
1717804800000,2024-06-08T00:00:00+00:00,69348,69589.6,69136.4,69311.5,2937.80266094,203907051.312217052,1
1717891200000,2024-06-09T00:00:00+00:00,69311.5,69850,69134,69641.8,1639.79702428,113973840.8089423,1
1717977600000,2024-06-10T00:00:00+00:00,69641.8,70186.2,69156.1,69545,3729.62959389,259652117.223855534,1
1718064000000,2024-06-11T00:00:00+00:00,69545,69583.5,66000,67314.5,13210.28230349,893129544.995065196,1
1718150400000,2024-06-12T00:00:00+00:00,67312.2,70000,66892.4,68269.8,9883.43066682,676434975.490212852,1
1718236800000,2024-06-13T00:00:00+00:00,68267.6,68458,66258,66775.7,7418.04121583,499668439.059672306,1
1718323200000,2024-06-14T00:00:00+00:00,66775.6,67366.3,65068,66045.8,6789.79447547,450397588.665227945,1
1718409600000,2024-06-15T00:00:00+00:00,66045.7,66485.2,65857,66223.4,2202.73779682,145841521.774028219,1
1718496000000,2024-06-16T00:00:00+00:00,66223.5,66985.4,66034.9,66677.9,1840.86627681,122471021.641500335,1
1718582400000,2024-06-17T00:00:00+00:00,66677.9,67301.4,65124.3,66492.1,6659.22650623,440345668.862359063,1
1718668800000,2024-06-18T00:00:00+00:00,66492.1,66592.8,64051.5,65177.1,10035.71814055,652911623.417993028,1
1718755200000,2024-06-19T00:00:00+00:00,65177.1,65727.2,64666.2,64965.8,4179.76744671,272429561.29192696,1
1718841600000,2024-06-20T00:00:00+00:00,64965.9,66493.9,64560,64880.2,5544.20979894,362592459.439546769,1
1718928000000,2024-06-21T00:00:00+00:00,64880.1,65076.8,63383.3,64145.4,7728.47628562,495749302.922417469,1
1719014400000,2024-06-22T00:00:00+00:00,64145.4,64543.9,63933.3,64263,1728.44914076,111164847.00926368,1
1719100800000,2024-06-23T00:00:00+00:00,64263,64524.7,63155.2,63211.9,2937.83736617,187916186.642705295,1
1719187200000,2024-06-24T00:00:00+00:00,63212,63366.7,58378,60290.6,16291.37208488,994038872.86760849,1
1719273600000,2024-06-25T00:00:00+00:00,60290.1,62422.7,60251.2,61806.1,8530.51745326,523726149.300026849,1
1719360000000,2024-06-26T00:00:00+00:00,61804.1,62483.9,60712.6,60866.1,5692.13961419,349745297.907951008,1
1719446400000,2024-06-27T00:00:00+00:00,60866.2,62390,60620.7,61706.6,6076.07685437,373669332.427283484,1
1719532800000,2024-06-28T00:00:00+00:00,61706.5,62233.9,60055.5,60436,7588.62330559,463688243.463428611,1
1719619200000,2024-06-29T00:00:00+00:00,60436.1,61218.2,60398,60986.7,2884.60919135,175656446.650237088,1
1719705600000,2024-06-30T00:00:00+00:00,60986.7,63066.7,60710.1,62774.2,4012.10922836,247777249.848239382,1
1719792000000,2024-07-01T00:00:00+00:00,62774.3,63860.2,62531.4,62906.3,6642.74790148,419806788.986657796,1
1719878400000,2024-07-02T00:00:00+00:00,62906.2,63294,61820,62145,4664.11710635,291222308.160431086,1
1719964800000,2024-07-03T00:00:00+00:00,62145.1,62290,59375.1,60217.7,9194.0810388,556736675.382863355,1
1720051200000,2024-07-04T00:00:00+00:00,60217.6,60493.1,56759.5,57050,14296.01302318,829583518.544068328,1
1720137600000,2024-07-05T00:00:00+00:00,57050,57548.4,53269,56633.5,21888.84947402,1212508637.719572316,1
1720224000000,2024-07-06T00:00:00+00:00,56630.1,58479.8,56025.7,58236.4,4697.74196289,268322132.535126541,1
1720310400000,2024-07-07T00:00:00+00:00,58236.5,58448,55730.7,55862,4948.8558574,283174216.212707001,1
1720396800000,2024-07-08T00:00:00+00:00,55867.9,58214.7,54289.4,56720.5,12898.65976305,724953453.651896867,1
1720483200000,2024-07-09T00:00:00+00:00,56716.1,58303,56291.7,58043.1,8084.28144031,464350306.363932997,1
1720569600000,2024-07-10T00:00:00+00:00,58043.1,59476.3,57159.7,57720.2,8174.20162929,475998414.649091538,1
1720656000000,2024-07-11T00:00:00+00:00,57720.2,59579.9,57029.2,57342.6,8135.66098661,472898761.557890222,1
1720742400000,2024-07-12T00:00:00+00:00,57338.7,58527.6,56537.3,57898.1,7544.72254323,433966549.673653438,1
1720828800000,2024-07-13T00:00:00+00:00,57898.7,59866,57757.2,59209.9,4693.70420161,275313481.889565352,1
1720915200000,2024-07-14T00:00:00+00:00,59203.6,61444.8,59195.1,60784.1,6373.30522466,383612569.027979236,1
1721001600000,2024-07-15T00:00:00+00:00,60784.1,64915.2,60650,64726.7,12204.51092384,769089378.514208017,1
1721088000000,2024-07-16T00:00:00+00:00,64725.7,65400,62369.8,65046.5,11840.29517999,758650481.233266305,1
1721174400000,2024-07-17T00:00:00+00:00,65046.6,66117.5,63849.4,64086,7643.48988664,496881489.736009813,1
1721260800000,2024-07-18T00:00:00+00:00,64086.1,65142.5,63230.9,63991.2,6155.96028299,395506495.351195267,1
1721347200000,2024-07-19T00:00:00+00:00,63991.3,67395.4,63300.1,66659.9,9959.12830775,650570658.396911071,1
1721433600000,2024-07-20T00:00:00+00:00,66660,67619.6,66225.5,67137.7,3689.03556398,246657207.827907022,1
1721520000000,2024-07-21T00:00:00+00:00,67136.1,68372.1,65764.5,68163.9,6000.36799742,403202794.381860988,1
1721606400000,2024-07-22T00:00:00+00:00,68162.7,68482.1,66576,67524.6,6040.58898112,408000210.89169117,1
1721692800000,2024-07-23T00:00:00+00:00,67524.7,67751.7,65420,65938.4,7464.07352192,496405133.309352506,1
1721779200000,2024-07-24T00:00:00+00:00,65938.5,67102,65100,65373.6,6231.41154792,411924000.934840671,1
1721865600000,2024-07-25T00:00:00+00:00,65372.1,66173.2,63450.1,65801.9,10968.43433951,707686105.836802588,1
1721952000000,2024-07-26T00:00:00+00:00,65802,68218,65718,67908.9,8676.64543021,583474829.849950701,1
1722038400000,2024-07-27T00:00:00+00:00,67909,69409.5,66646.6,67897.1,8944.23606185,609970390.861298824,1
1722124800000,2024-07-28T00:00:00+00:00,67898.6,68328.4,67051.1,68239.5,4073.07721256,275632466.46477083,1
1722211200000,2024-07-29T00:00:00+00:00,68239.5,70050,66428,66786.1,13946.76441315,955180203.898190884,1
1722297600000,2024-07-30T00:00:00+00:00,66783.8,67012,65300,66190.1,7915.25726122,524792925.942747368,1
1722384000000,2024-07-31T00:00:00+00:00,66188.1,66849.5,64516.4,64630,7114.11852066,468048551.187894887,1
1722470400000,2024-08-01T00:00:00+00:00,64630,65654,62280,65356,13168.1408859,841048311.942566591,1
1722556800000,2024-08-02T00:00:00+00:00,65356,65598.9,61230,61489.9,14102.63397311,896136436.598734386,1
1722643200000,2024-08-03T00:00:00+00:00,61490,62197.7,59837.5,60710,9507.21725825,580421366.504188452,1
1722729600000,2024-08-04T00:00:00+00:00,60712,61143.6,57123.4,58160.1,9762.24353379,578471818.271361504,1
1722816000000,2024-08-05T00:00:00+00:00,58161.3,58310,48934.8,54018,59326.15663708,3141808479.48111036,1
1722902400000,2024-08-06T00:00:00+00:00,54014,57073.6,53938.3,56022,17067.14775559,951916785.058655343,1
1722988800000,2024-08-07T00:00:00+00:00,56019.3,57736.3,54563.6,55142.7,13605.88730858,767436447.184196777,1
1723075200000,2024-08-08T00:00:00+00:00,55137.6,62750,54727.6,61686.1,16969.35309581,991835507.302577972,1
1723161600000,2024-08-09T00:00:00+00:00,61692,61752.6,59532.7,60838.2,9736.93166057,590416250.540160481,1
1723248000000,2024-08-10T00:00:00+00:00,60837.9,61476,60250,60921.3,3359.32153287,204174665.375213957,1
1723334400000,2024-08-11T00:00:00+00:00,60921.2,61885.7,58300.4,58711.7,6312.85968392,379538174.607287153,1
1723420800000,2024-08-12T00:00:00+00:00,58711.6,60692.8,57592.9,59348,12877.9245052,760473001.877054033,1
1723507200000,2024-08-13T00:00:00+00:00,59348,61575.9,58398.1,60584.6,8315.98034762,498945708.1667123,1
1723593600000,2024-08-14T00:00:00+00:00,60584.6,61839.8,58441.2,58686.9,8191.49403323,491914907.735970711,1
1723680000000,2024-08-15T00:00:00+00:00,58684,59850,56093.7,57544,11005.50754503,641063485.598593875,1
1723766400000,2024-08-16T00:00:00+00:00,57542.1,59821,57094.1,58880.4,9443.13975523,551863009.519985728,1
1723852800000,2024-08-17T00:00:00+00:00,58880.5,59716.8,58804.9,59499.7,2504.13748128,148470788.931609981,1
1723939200000,2024-08-18T00:00:00+00:00,59499.8,60288.4,58400.3,58434.7,4753.24210675,283657019.057108616,1
1724025600000,2024-08-19T00:00:00+00:00,58433.8,59610.7,57800,59443.8,5540.327467,324545271.586544214,1
1724112000000,2024-08-20T00:00:00+00:00,59438.5,61419.6,58541.2,59006.5,10763.08670319,646774230.815250949,1
1724198400000,2024-08-21T00:00:00+00:00,59004.3,61832.3,58781.7,61156,8278.18478471,498260041.402459604,1
1724284800000,2024-08-22T00:00:00+00:00,61156,61401.2,59667.6,60380,6976.04711851,423183872.771369172,1
1724371200000,2024-08-23T00:00:00+00:00,60381.4,65000,60340,64048.1,14561.40431646,911010550.839527445,1
1724457600000,2024-08-24T00:00:00+00:00,64048.2,64508.9,63513.7,64160,4935.32185808,316184462.837472763,1
1724544000000,2024-08-25T00:00:00+00:00,64154.1,65010.2,63780.1,64227.5,4230.08665442,271907421.614734173,1
1724630400000,2024-08-26T00:00:00+00:00,64227.5,64482.8,62800,62818.3,6252.83997207,397860539.316134873,1
1724716800000,2024-08-27T00:00:00+00:00,62830.4,63213.9,58000,59404.8,10934.14610752,669670054.853192846,1
1724803200000,2024-08-28T00:00:00+00:00,59406.9,60235.3,57825.1,59034,10206.8287233,603768378.51101132,1
1724889600000,2024-08-29T00:00:00+00:00,59036.9,61186.4,58700.5,59352.1,7113.41347663,425694059.324306395,1
1724976000000,2024-08-30T00:00:00+00:00,59352,59948.1,57650,59135.6,7850.0795944,462790661.581431177,1
1725062400000,2024-08-31T00:00:00+00:00,59134.1,59461.5,58725.4,58974.5,1916.8816309,113245358.606945745,1
1725148800000,2024-09-01T00:00:00+00:00,58974.2,59083.4,57168.5,57296.1,6351.49422802,368653709.100929156,1
1725235200000,2024-09-02T00:00:00+00:00,57294.9,59433.8,57116.2,59143.2,5849.20707685,340383213.075943895,1
1725321600000,2024-09-03T00:00:00+00:00,59142.2,59817,57401,57484,5406.92140985,316193232.716482766,1
1725408000000,2024-09-04T00:00:00+00:00,57480.1,58522.1,55568,57970,9853.61825922,561650096.438777159,1
1725494400000,2024-09-05T00:00:00+00:00,57970,58329.9,55631,56176,8907.32666931,505712266.925330636,1
1725580800000,2024-09-06T00:00:00+00:00,56176,57054.8,52528.6,53958.8,16150.42706648,884811714.192339779,1
1725667200000,2024-09-07T00:00:00+00:00,53958.8,54853,53734.1,54155.8,5117.43145175,277575299.25134217,1
1725753600000,2024-09-08T00:00:00+00:00,54161.2,55320.1,53626.2,54875.9,4851.23573713,264085147.502108076,1
1725840000000,2024-09-09T00:00:00+00:00,54876,58135,54588.7,57030.8,11844.34717334,662130233.484550868,1
1725926400000,2024-09-10T00:00:00+00:00,57030.9,58045.8,56387.1,57639.7,7798.99127987,445407178.810893706,1
1726012800000,2024-09-11T00:00:00+00:00,57639.8,57988,55555,57338.3,9337.65680797,530180775.032541084,1
1726099200000,2024-09-12T00:00:00+00:00,57335.3,58588.8,57328.2,58132.5,7465.9961818,432911105.599973696,1
1726185600000,2024-09-13T00:00:00+00:00,58132.5,60644.7,57635.4,60500.1,8602.22621068,508590256.394800565,1
1726272000000,2024-09-14T00:00:00+00:00,60500,60612.2,59355.9,59991.8,4154.66637798,249236611.493776284,1
1726358400000,2024-09-15T00:00:00+00:00,59991.9,60407.3,58692.8,59126.2,3712.67379857,221723994.333176011,1
1726444800000,2024-09-16T00:00:00+00:00,59126.3,59209.9,57431.1,58211.9,8081.37822094,470559685.998358323,1
1726531200000,2024-09-17T00:00:00+00:00,58212,61343.1,57615.7,60314.6,10105.65118518,605028483.042356096,1
1726617600000,2024-09-18T00:00:00+00:00,60314.7,61807.8,59179.7,61767.7,11579.49086577,698456250.605850908,1
1726704000000,2024-09-19T00:00:00+00:00,61770.7,63858.1,61558,62956.3,11464.01357997,718751108.932492541,1
1726790400000,2024-09-20T00:00:00+00:00,62956.4,64142.8,62338,63200,9191.69066961,581552262.647818401,1
1726876800000,2024-09-21T00:00:00+00:00,63199.9,63569.1,62750.6,63348,2377.46558258,150071933.428292884,1
1726963200000,2024-09-22T00:00:00+00:00,63348.1,64019,62364.8,63574.2,4560.68892149,287484493.156734675,1
1727049600000,2024-09-23T00:00:00+00:00,63577.5,64750,62560,63336.1,7466.1079218,475014214.480388391,1
1727136000000,2024-09-24T00:00:00+00:00,63334.1,64698,62702.3,64275.8,8356.05420232,531048829.730806831,1
1727222400000,2024-09-25T00:00:00+00:00,64275.8,64822.2,62950,63154.9,6903.90311865,440110857.005753555,1
1727308800000,2024-09-26T00:00:00+00:00,63154.9,65831.9,62671,65163.4,9633.43925152,621170167.397373856,1
1727395200000,2024-09-27T00:00:00+00:00,65163.4,66500,64820,65774.1,8214.83539935,539758319.26275538,1
1727481600000,2024-09-28T00:00:00+00:00,65774,66269.7,65414.6,65853.3,2900.34932926,190740907.354844616,1
1727568000000,2024-09-29T00:00:00+00:00,65853.4,66079.6,65440,65603.5,2577.37071146,169348159.627222889,1
1727654400000,2024-09-30T00:00:00+00:00,65603.6,65623.7,62850,63327.5,10554.96947418,675988917.358598344,1
1727740800000,2024-10-01T00:00:00+00:00,63327.6,64128,60160.1,60814.5,14826.75901923,922884358.840881683,1
1727827200000,2024-10-02T00:00:00+00:00,60814.5,62375.6,60000,60642.1,9461.33615462,578630851.356236089,1
1727913600000,2024-10-03T00:00:00+00:00,60642.1,61479,59800,60753.8,9187.01727061,556794922.46807792,1
1728000000000,2024-10-04T00:00:00+00:00,60752.8,62480.8,60462,62094.1,6931.98162877,426659333.916969217,1
1728086400000,2024-10-05T00:00:00+00:00,62093.4,62382.9,61687,62058.6,2148.39275328,133347655.437068419,1
1728172800000,2024-10-06T00:00:00+00:00,62058.6,62986.9,61820,62825.3,2626.67268207,163940042.551181592,1
1728259200000,2024-10-07T00:00:00+00:00,62825.4,64466.9,62126,62222.1,9697.12969549,615271704.054742595,1
1728345600000,2024-10-08T00:00:00+00:00,62222,63200,61866,62155.9,6074.08964504,379210371.777706498,1
1728432000000,2024-10-09T00:00:00+00:00,62156,62549.2,60302,60637.5,6277.3628263,387293164.168880155,1
1728518400000,2024-10-10T00:00:00+00:00,60637.5,61315.9,58935.6,60322.4,7450.66757733,449402272.959899399,1
1728604800000,2024-10-11T00:00:00+00:00,60322.5,63419.5,60088,62546,8656.15565433,536045206.248188503,1
1728691200000,2024-10-12T00:00:00+00:00,62546.1,63488,62477.4,63209.9,3848.71155181,242532546.160664778,1
1728777600000,2024-10-13T00:00:00+00:00,63209.4,63294.5,62050,62872,3344.26923875,209503907.310201394,1
1728864000000,2024-10-14T00:00:00+00:00,62872.1,66577.1,62453.4,66089.8,14565.17708127,947106683.913162888,1
1728950400000,2024-10-15T00:00:00+00:00,66089.9,67963.6,64781.5,67072.1,14398.81302333,954776900.767855876,1
1729036800000,2024-10-16T00:00:00+00:00,67072.1,68422.6,66755.1,67614.3,9446.98818287,638901863.038806834,1
1729123200000,2024-10-17T00:00:00+00:00,67614.4,67941,66670,67426.5,7300.34861422,490435467.808091993,1
1729209600000,2024-10-18T00:00:00+00:00,67426.5,69000,67188.5,68431.4,8869.24860839,605486585.370983054,1
1729296000000,2024-10-19T00:00:00+00:00,68431.4,68700,68006,68366.2,2137.23198452,145973276.867919257,1
1729382400000,2024-10-20T00:00:00+00:00,68366.3,69425,68100,69035.6,3542.45381774,243251898.754414852,1
1729468800000,2024-10-21T00:00:00+00:00,69035.7,69546,66842.8,67371.7,10624.44778247,721793099.152868383,1
1729555200000,2024-10-22T00:00:00+00:00,67371.8,67838,66555,67421.2,8803.1847121,592285539.970961317,1
1729641600000,2024-10-23T00:00:00+00:00,67421.3,67470.3,65251,66666,7780.15045898,516570990.822897731,1
1729728000000,2024-10-24T00:00:00+00:00,66666.1,68850.3,66514,68198.5,7315.65549724,494435647.315953848,1
1729814400000,2024-10-25T00:00:00+00:00,68198.6,68771.9,65588.7,66710,11321.44881757,762002068.585099025,1
1729900800000,2024-10-26T00:00:00+00:00,66710,67482.7,66442,67095.9,3615.56734073,242060255.531771833,1
1729987200000,2024-10-27T00:00:00+00:00,67095.8,68344,66936.9,68022.9,2708.29107454,183354620.94181037,1
1730073600000,2024-10-28T00:00:00+00:00,68022.2,70332.9,67618,69961.2,9561.25604325,660076627.766022367,1
1730160000000,2024-10-29T00:00:00+00:00,69961.3,73650,69754.6,72746,15666.8654187,1126807047.354578993,1
1730246400000,2024-10-30T00:00:00+00:00,72746,72962,71440,72345.2,8577.58204254,619196743.961392709,1
1730332800000,2024-10-31T00:00:00+00:00,72345.2,72696,69688,70302.2,10766.00966581,766891715.830776864,1
1730419200000,2024-11-01T00:00:00+00:00,70302.3,71629.9,68800.2,69495.5,12143.81069739,849271965.737581437,1
1730505600000,2024-11-02T00:00:00+00:00,69495.6,69914.2,69017.8,69371,2854.89076309,198406278.635348814,1
1730592000000,2024-11-03T00:00:00+00:00,69371,69386,67458,68769.3,7667.96769928,524345006.736927796,1
1730678400000,2024-11-04T00:00:00+00:00,68770,69499,66822.5,67850,8435.89193466,575685899.433048568,1
1730764800000,2024-11-05T00:00:00+00:00,67850.1,70554.9,67471.4,69372.7,10525.56371032,729183714.277650192,1
1730851200000,2024-11-06T00:00:00+00:00,69372.8,76388,69289.9,75584.8,32222.7667945,2381354910.373461252,1
1730937600000,2024-11-07T00:00:00+00:00,75584.9,76848.1,74429,75860.3,10618.62235726,802388877.798287099,1
1731024000000,2024-11-08T00:00:00+00:00,75860.4,77179.1,75583.4,76499.1,9474.47960689,722023082.504958978,1
1731110400000,2024-11-09T00:00:00+00:00,76499.1,76915.8,75714.2,76675,4525.46609222,345767713.56342367,1
1731196800000,2024-11-10T00:00:00+00:00,76675.1,81568,76494.1,80360,16995.24889088,1347097005.791187573,1
1731283200000,2024-11-11T00:00:00+00:00,80358.8,89575,80212.1,88640,22727.95466285,1918950189.627400783,1
1731369600000,2024-11-12T00:00:00+00:00,88640.1,89970.2,85091.8,87944.5,28815.39820741,2528802039.222896624,1
1731456000000,2024-11-13T00:00:00+00:00,87944.6,93263,86126.1,90378.4,22380.13460877,2010592313.857711438,1
1731542400000,2024-11-14T00:00:00+00:00,90378.4,91777.7,86666.6,87330,16089.32124438,1439681819.105073698,1
1731628800000,2024-11-15T00:00:00+00:00,87330,91851.2,87070.9,91022.9,13114.955173,1171305678.925664587,1
1731715200000,2024-11-16T00:00:00+00:00,91022.9,91784.6,90060.1,90583.3,4952.06371731,450689490.615996345,1
1731801600000,2024-11-17T00:00:00+00:00,90583.9,91489.9,88714.2,89860,6749.27556207,609268721.064843049,1
1731888000000,2024-11-18T00:00:00+00:00,89860.8,92644.1,89375,90464,16371.57397047,1492118028.937675537,1
1731974400000,2024-11-19T00:00:00+00:00,90463.9,93888,90348,92307.9,13246.54138368,1220379726.257545458,1
1732060800000,2024-11-20T00:00:00+00:00,92307.9,94818,91479.7,94286.8,11349.30534162,1061977318.970955576,1
1732147200000,2024-11-21T00:00:00+00:00,94287,98960,94000,98317.2,19588.86849577,1900412579.048832568,1
1732233600000,2024-11-22T00:00:00+00:00,98317.2,99588,97152.5,98891.8,12225.69403399,1205909500.579269615,1
1732320000000,2024-11-23T00:00:00+00:00,98891.8,98908,97135.3,97666.5,6478.14356456,636247219.160673453,1
1732406400000,2024-11-24T00:00:00+00:00,97666.5,98569.3,95745.5,97899.9,6748.15376211,656317770.994477853,1
1732492800000,2024-11-25T00:00:00+00:00,97902.5,98876,92601.6,93002,13160.3916657,1264634965.292210825,1
1732579200000,2024-11-26T00:00:00+00:00,93002,94999.9,90800,91960.1,12908.29573158,1199448530.028776533,1
1732665600000,2024-11-27T00:00:00+00:00,91960.1,97203.8,91784,95848.1,10463.84950387,987481039.623341601,1
1732752000000,2024-11-28T00:00:00+00:00,95848.1,96567.7,94610,95636.7,5784.43784214,551797873.63953565,1
1732838400000,2024-11-29T00:00:00+00:00,95636.7,98628,95357.7,97456.1,8212.48966214,796832682.733324717,1
1732924800000,2024-11-30T00:00:00+00:00,97456.1,97460,96080.1,96409,3851.08568575,372352196.591623406,1
1733011200000,2024-12-01T00:00:00+00:00,96409.1,97841.7,95678,97190.2,4973.57705772,481725061.094940424,1
1733097600000,2024-12-02T00:00:00+00:00,97190.2,98174.4,94388.5,95828.1,9654.87051269,927053327.093183498,1
1733184000000,2024-12-03T00:00:00+00:00,95828.2,96302.6,93583.8,95857.3,8952.18751243,853290377.473796389,1
1733270400000,2024-12-04T00:00:00+00:00,95857.4,99000,94580,98580.7,12943.88995409,1256155321.526990497,1
1733356800000,2024-12-05T00:00:00+00:00,98580.6,104056,89711.9,96960,27570.46234834,2745886632.935541132,1
1733443200000,2024-12-06T00:00:00+00:00,96960,101901.8,96243.3,99734,11991.3128089,1185452885.951641375,1
1733529600000,2024-12-07T00:00:00+00:00,99734.1,100439,98846.2,99835.4,3854.00126077,384028565.184471218,1
1733616000000,2024-12-08T00:00:00+00:00,99835.5,101362.7,98663.2,101107.7,4333.69599744,432748568.307976741,1
1733702400000,2024-12-09T00:00:00+00:00,101107.8,101221.7,94000,97267.2,14528.24977398,1420628232.415647223,1
1733788800000,2024-12-10T00:00:00+00:00,97275.7,98300,94244.3,96593.2,12213.85908796,1178690586.047691944,1
1733875200000,2024-12-11T00:00:00+00:00,96593.2,101884,95666.6,101117.4,10670.25572301,1059230775.085445105,1
1733961600000,2024-12-12T00:00:00+00:00,101117.4,102538.9,99307.1,100001.1,9809.11373928,989666442.202317884,1
1734048000000,2024-12-13T00:00:00+00:00,100001.2,101911.4,99200,101418.6,8694.30865628,874457301.768587749,1
1734134400000,2024-12-14T00:00:00+00:00,101418.6,102666,100606.9,101421.3,3822.08261164,388576552.091995282,1
1734220800000,2024-12-15T00:00:00+00:00,101422,105333,101228,104477.4,6357.48275007,655175708.065909714,1
1734307200000,2024-12-16T00:00:00+00:00,104477.5,107796.3,103307.9,106066,11240.92690055,1186742437.796134287,1
1734393600000,2024-12-17T00:00:00+00:00,106066.1,108365,105306.4,106128.4,9079.0088136,970060213.631173066,1
1734480000000,2024-12-18T00:00:00+00:00,106128.4,106500,100000,100213.1,14974.46962576,1547810388.807723562,1
1734566400000,2024-12-19T00:00:00+00:00,100208.2,102805,95682.2,97458.1,22123.68566125,2198783139.743318593,1
1734652800000,2024-12-20T00:00:00+00:00,97458.1,98240,92268,97806.4,21739.47201134,2081788114.829348993,1
1734739200000,2024-12-21T00:00:00+00:00,97809.1,99553.7,96396.1,97283.3,7232.60308299,707843331.385870536,1
1734825600000,2024-12-22T00:00:00+00:00,97289.2,97459.4,94258.1,95173.4,5125.00388279,492084458.510179486,1
1734912000000,2024-12-23T00:00:00+00:00,95173.4,96538.4,92525,94884.1,9936.80743995,938884994.978214157,1
1734998400000,2024-12-24T00:00:00+00:00,94884.1,99480.2,93555.9,98661.3,8954.98899873,864600627.215312138,1
1735084800000,2024-12-25T00:00:00+00:00,98656.1,99599,97626.1,99440.3,5337.23859921,525771542.514839795,1
1735171200000,2024-12-26T00:00:00+00:00,99440.4,99968.9,95179.4,95783.3,7283.05051706,704169381.829885079,1
1735257600000,2024-12-27T00:00:00+00:00,95777.9,97561.4,93500,94304.1,8421.05776752,803686930.666621464,1
1735344000000,2024-12-28T00:00:00+00:00,94303.6,95750,94143,95305.3,2445.53816994,231702061.916405826,1
1735430400000,2024-12-29T00:00:00+00:00,95304.1,95346.6,93000,93737.6,4845.90699467,456374991.388712258,1
1735516800000,2024-12-30T00:00:00+00:00,93737.6,95041.2,91540,92796.4,10170.65337363,948994705.722427595,1
1735603200000,2024-12-31T00:00:00+00:00,92796.4,96258.9,92030.2,93585.1,7921.22471868,745238605.865542515,1
1735689600000,2025-01-01T00:00:00+00:00,93585,95192.1,92888,94589.5,4030.15764439,378790281.442470522,1
1735776000000,2025-01-02T00:00:00+00:00,94589.5,97847.6,94390.4,96988.4,8155.92115183,785988245.520614878,1
1735862400000,2025-01-03T00:00:00+00:00,96988.4,98977.9,96100.1,98183.4,5529.39452864,538561348.718373477,1
1735948800000,2025-01-04T00:00:00+00:00,98183.9,98785.7,97527.2,98221.9,2940.63167799,288264621.258709692,1
1736035200000,2025-01-05T00:00:00+00:00,98221.9,98842.4,97260.8,98363.9,2351.48263432,230582102.969672827,1
1736121600000,2025-01-06T00:00:00+00:00,98363.9,102479.3,97924,102230.6,7846.79214161,789225815.980991995,1
1736208000000,2025-01-07T00:00:00+00:00,102224.5,102750,96176.6,96957.9,9409.58343844,931735370.527292229,1
1736294400000,2025-01-08T00:00:00+00:00,96958,97290.7,92500.2,95037,9494.80363937,903615787.080884784,1
1736380800000,2025-01-09T00:00:00+00:00,95042.7,95391.9,91200,92553.1,9159.12732207,853447864.456836026,1
1736467200000,2025-01-10T00:00:00+00:00,92553,95853.1,92222,94726.5,9401.4162062,885280172.058556605,1
1736553600000,2025-01-11T00:00:00+00:00,94724.5,95039.2,93829.6,94612.5,2054.79140031,193974786.965810254,1
1736640000000,2025-01-12T00:00:00+00:00,94612.5,95465,93711.8,94549.9,2145.95045142,202905452.705971645,1
1736726400000,2025-01-13T00:00:00+00:00,94549.9,95947.2,89111,94538.5,14515.21147962,1335805313.121700531,1
1736812800000,2025-01-14T00:00:00+00:00,94538.6,97384,94350,96559.9,9295.86022027,893204693.685426803,1
1736899200000,2025-01-15T00:00:00+00:00,96560,100687,96500,100497,8455.84186303,832422239.295922312,1
1736985600000,2025-01-16T00:00:00+00:00,100495.2,100880,97311.1,99990.8,8405.28538773,835101332.231704955,1
1737072000000,2025-01-17T00:00:00+00:00,99990.9,105847.4,99950.1,104084.4,12692.88564144,1310330268.07821389,1
1737158400000,2025-01-18T00:00:00+00:00,104084.5,104984,102288,104551.6,7136.92787152,739996561.681421642,1
1737244800000,2025-01-19T00:00:00+00:00,104551.6,106448.6,99639.4,101334,13871.46478944,1439786525.400394652,1
1737331200000,2025-01-20T00:00:00+00:00,101334,109800,99526.4,102264.3,29215.80272144,3066751006.957390384,1
1737417600000,2025-01-21T00:00:00+00:00,102263.9,107285.8,100111,106150.1,16862.59108702,1753655977.084929999,1
1737504000000,2025-01-22T00:00:00+00:00,106150.1,106416.3,103308.3,103704.1,7964.78761756,834685637.445287128,1
1737590400000,2025-01-23T00:00:00+00:00,103704.2,106863.1,101233,103914.8,18762.38267739,1952695941.042930599,1
1737676800000,2025-01-24T00:00:00+00:00,103914.8,107146.3,102750,104866.1,7599.95235469,798905435.000590657,1
1737763200000,2025-01-25T00:00:00+00:00,104866.2,105300,104106.1,104740.3,2943.45466318,308222665.550159334,1
1737849600000,2025-01-26T00:00:00+00:00,104740.3,105526.6,102500,102604.5,3106.68873461,323769556.615599793,1
1737936000000,2025-01-27T00:00:00+00:00,102600.7,103272.2,97751.6,102076.1,17290.23726432,1735159455.645862471,1
1738022400000,2025-01-28T00:00:00+00:00,102076.1,103848,100274.4,101349.3,8667.91377155,887895617.98674887,1
1738108800000,2025-01-29T00:00:00+00:00,101345.2,104795.1,101331,103733.3,7493.36202024,770573181.253727387,1
1738195200000,2025-01-30T00:00:00+00:00,103735.3,106450.3,103282.8,104727.2,7848.07802652,825840426.03251874,1
1738281600000,2025-01-31T00:00:00+00:00,104727.2,106000,101542.4,102439.9,9422.69889842,977704954.320810295,1
1738368000000,2025-02-01T00:00:00+00:00,102440,102788,100270,100633.2,4497.21756703,457644812.402464898,1
1738454400000,2025-02-02T00:00:00+00:00,100633.1,101461.7,96137.6,97698.9,9495.2555308,935861240.98082681,1
1738540800000,2025-02-03T00:00:00+00:00,97698.9,102500,91182.6,101337.5,29588.43086161,2833813814.156162808,1
1738627200000,2025-02-04T00:00:00+00:00,101337.6,101743.9,96136.2,97767.9,12305.98119918,1219415013.052513748,1
1738713600000,2025-02-05T00:00:00+00:00,97768,99166.6,96156,96616.1,7412.67824723,724619370.536443928,1
1738800000000,2025-02-06T00:00:00+00:00,96615.7,99132.2,95680,96554.7,6928.59468368,675626548.37058178,1
1738886400000,2025-02-07T00:00:00+00:00,96554.8,100149.8,95601,96504.1,10679.20826296,1043767613.592817719,1
1738972800000,2025-02-08T00:00:00+00:00,96504,96888.7,95683,96458.1,2677.55570034,257929567.475837997,1
1739059200000,2025-02-09T00:00:00+00:00,96458.1,97329,94705.8,96475.9,4006.5884632,385835015.630454952,1
1739145600000,2025-02-10T00:00:00+00:00,96475.9,98358.3,95254,97431.7,6835.52956702,664321855.93369816,1
1739232000000,2025-02-11T00:00:00+00:00,97431.7,98489.7,94859.5,95779.9,6175.36805831,598396999.749993878,1
1739318400000,2025-02-12T00:00:00+00:00,95779.9,98136.1,94021.3,97870.1,8228.93454385,790441341.99866764,1
1739404800000,2025-02-13T00:00:00+00:00,97870.1,98091.4,95209.4,96617,6142.26062577,591484067.348313963,1
1739491200000,2025-02-14T00:00:00+00:00,96617,98843.9,96274.5,97504,6279.00464778,611466036.956760796,1
1739577600000,2025-02-15T00:00:00+00:00,97504.1,97987.2,97222,97587.3,2356.30585026,230000313.047590145,1
1739664000000,2025-02-16T00:00:00+00:00,97587.4,97722.2,96048.4,96105.6,3198.52785613,310631030.396315874,1
1739750400000,2025-02-17T00:00:00+00:00,96105.6,97047.4,95188.8,95778.3,5041.81697582,484218247.707710446,1
1739836800000,2025-02-18T00:00:00+00:00,95778.3,96750,93363.3,95656.6,7403.70988429,704839990.248323675,1
1739923200000,2025-02-19T00:00:00+00:00,95665.1,96899.9,95000,96644.3,5381.59180444,516837559.94036202,1
1740009600000,2025-02-20T00:00:00+00:00,96644.4,98722,96415.2,98307.9,5571.08593579,543707347.939314105,1
1740096000000,2025-02-21T00:00:00+00:00,98308,99485.9,94858.5,96172.9,11724.24757958,1143636514.372759033,1
1740182400000,2025-02-22T00:00:00+00:00,96172.9,96983.3,95760.4,96552.1,3579.27393107,345271597.613326737,1
1740268800000,2025-02-23T00:00:00+00:00,96552.1,96648,95250.1,96264.7,2730.98024577,262127656.105629259,1
1740355200000,2025-02-24T00:00:00+00:00,96264.7,96513.7,91333.8,91534.5,10796.50521914,1018695084.95918884,1
1740441600000,2025-02-25T00:00:00+00:00,91534.5,92545.9,86050,88680.7,25824.74548835,2292900654.059369542,1
1740528000000,2025-02-26T00:00:00+00:00,88680.7,89415.5,82236,84254,17651.14355488,1522299444.867896811,1
1740614400000,2025-02-27T00:00:00+00:00,84254,87090.3,82725.7,84717.4,13743.98183188,1170060798.001507193,1
1740700800000,2025-02-28T00:00:00+00:00,84717.7,85121.9,78258.5,84339.4,28248.80125346,2301265021.162262395,1
1740787200000,2025-03-01T00:00:00+00:00,84346,86547.3,83812.9,86056.1,7767.74628862,661285493.758482628,1
1740873600000,2025-03-02T00:00:00+00:00,86056.1,95000,85040.8,94269.5,17211.25795152,1555819460.911431614,1
1740960000000,2025-03-03T00:00:00+00:00,94269.5,94426,85111.5,86219.7,20459.42518627,1846603446.869868407,1
1741046400000,2025-03-04T00:00:00+00:00,86219.8,88948.4,81501,87277.9,19969.17663864,1688891988.077427816,1
1741132800000,2025-03-05T00:00:00+00:00,87276.6,91052.9,86356.5,90608.7,13183.41502489,1171582076.614075603,1
1741219200000,2025-03-06T00:00:00+00:00,90608.7,92812.3,87838,89930,12891.89019597,1165773612.814511827,1
1741305600000,2025-03-07T00:00:00+00:00,89930,91290.3,84640,86797.1,23278.99291411,2047876407.097217692,1
1741392000000,2025-03-08T00:00:00+00:00,86797.2,86891.3,85217.8,86227.9,5297.76786383,456753830.994472621,1
1741478400000,2025-03-09T00:00:00+00:00,86227.9,86511.7,80000,80743.3,10212.98090837,850894471.431044146,1
1741564800000,2025-03-10T00:00:00+00:00,80745,84069.4,77464,78595.8,19580.59890241,1579620353.983089451,1
1741651200000,2025-03-11T00:00:00+00:00,78595.9,83631.8,76600,82943.2,19847.40230171,1598518039.804638065,1
1741737600000,2025-03-12T00:00:00+00:00,82942.7,84499,80597.7,83691.9,12834.81338322,1060190561.194899712,1
1741824000000,2025-03-13T00:00:00+00:00,83691.9,84333.3,79940,81119.5,9175.78559214,754715784.140622907,1
1741910400000,2025-03-14T00:00:00+00:00,81119.6,85300,80826.8,83988.7,9838.62948963,820794274.525494979,1
1741996800000,2025-03-15T00:00:00+00:00,83988.6,84679.9,83609.2,84342,2969.00394083,250011512.084997152,1
1742083200000,2025-03-16T00:00:00+00:00,84342.1,85154,82000,82578.1,7286.94642839,607677574.187366743,1
1742169600000,2025-03-17T00:00:00+00:00,82578.1,84764.3,82444.3,84011.9,8184.44024098,683365784.519125762,1
1742256000000,2025-03-18T00:00:00+00:00,84011.9,84030.1,81144,82709.7,8256.61127101,680710250.130828794,1
1742342400000,2025-03-19T00:00:00+00:00,82709.8,87024,82539.9,86841,10492.98338964,886062662.521559031,1
1742428800000,2025-03-20T00:00:00+00:00,86843.7,87446.9,83642,84225.9,8809.24556432,751076979.890077332,1
1742515200000,2025-03-21T00:00:00+00:00,84223.3,84844,83170.6,84086.5,5260.21715675,442041389.862812221,1
1742601600000,2025-03-22T00:00:00+00:00,84086.5,84533.3,83650,83850,2055.27739344,173049797.978004124,1
1742688000000,2025-03-23T00:00:00+00:00,83850,86131,83812,86083.3,3786.16144289,321547051.954677521,1
1742774400000,2025-03-24T00:00:00+00:00,86083.4,88769.2,85530,87496.7,9227.68584472,806512197.946839005,1
1742860800000,2025-03-25T00:00:00+00:00,87496.7,88545.7,86303.3,87414.6,7254.92434073,633468223.418049944,1
1742947200000,2025-03-26T00:00:00+00:00,87414.6,88284,85860,86926.2,7413.30182534,646424674.249702727,1
1743033600000,2025-03-27T00:00:00+00:00,86926.3,87765.2,85800,87228,6674.63353903,581149770.09417407,1
1743120000000,2025-03-28T00:00:00+00:00,87228,87504.4,83585,84427.3,11824.03061243,1008106491.884892098,1
1743206400000,2025-03-29T00:00:00+00:00,84427.4,84626.7,81644.2,82650.1,5528.35093193,458698544.335548277,1
1743292800000,2025-03-30T00:00:00+00:00,82650,83535.4,81569.3,82398.2,5168.06207419,427334599.80248525,1
1743379200000,2025-03-31T00:00:00+00:00,82398.4,83929.6,81268.5,82556.9,6444.37352175,531272612.659794622,1
1743465600000,2025-04-01T00:00:00+00:00,82556.9,85555,82429.6,85168.2,8606.99246835,724876318.060149826,1
1743552000000,2025-04-02T00:00:00+00:00,85168.3,88500,82320.1,82513.2,14159.67167024,1211415121.231896025,1
1743638400000,2025-04-03T00:00:00+00:00,82514.1,83937.3,81203,83216.3,10722.42511002,885827190.321109484,1
1743724800000,2025-04-04T00:00:00+00:00,83216.4,84725,81667,83889,13608.61853779,1133291203.305306373,1
1743811200000,2025-04-05T00:00:00+00:00,83889.1,84268.7,82383,83534.2,3962.45914489,330174854.236353852,1
1743897600000,2025-04-06T00:00:00+00:00,83539.6,83793.7,77142.8,78426,12033.58928828,967372147.252178413,1
1743984000000,2025-04-07T00:00:00+00:00,78427.1,81213.5,74501.6,79174.4,25221.67755968,1958171129.366995219,1
1744070400000,2025-04-08T00:00:00+00:00,79174.4,80860,76243.3,76329.9,11085.8250711,870783417.163849115,1
1744156800000,2025-04-09T00:00:00+00:00,76329.9,83583.1,74627.5,82618.4,23614.78711289,1862861857.270071499,1
1744243200000,2025-04-10T00:00:00+00:00,82618.3,82749,78462,79599.5,13757.00317977,1110226813.972259845,1
1744329600000,2025-04-11T00:00:00+00:00,79592,84300,78970.9,83416,12448.84740141,1021640230.161211023,1
1744416000000,2025-04-12T00:00:00+00:00,83414.1,85888,82764.9,85268,7470.68304511,628206003.621473706,1
1744502400000,2025-04-13T00:00:00+00:00,85268.1,86100,83020.2,83760,9195.48901995,776024215.134526541,1
1744588800000,2025-04-14T00:00:00+00:00,83758.1,85808.1,83688.2,84586.6,9020.06414124,763588049.550468837,1
1744675200000,2025-04-15T00:00:00+00:00,84586.7,86460,83603.2,83650.7,8069.29433914,686826395.10219083,1
1744761600000,2025-04-16T00:00:00+00:00,83650.6,85550,83107.6,84029.7,6581.22704606,553121754.833759812,1
1744848000000,2025-04-17T00:00:00+00:00,84029.8,85489,83722,84955,6489.49436171,549448108.128981253,1
1744934400000,2025-04-18T00:00:00+00:00,84955.1,85138,84300,84468.6,2332.50567678,197373257.781092281,1
1745020800000,2025-04-19T00:00:00+00:00,84468.6,85661,84370,85087.8,3968.98541419,337886851.354777019,1
1745107200000,2025-04-20T00:00:00+00:00,85087.9,85350.1,83941.7,85183.7,6709.61379748,568112223.964708597,1
1745193600000,2025-04-21T00:00:00+00:00,85183.8,88466,85143.4,87516.1,12189.97928581,1063274591.13952196,1
1745280000000,2025-04-22T00:00:00+00:00,87512.1,94086.3,87062.8,93447.9,14019.76405469,1267331703.587137592,1
1745366400000,2025-04-23T00:00:00+00:00,93448,94779.6,91935.8,93676.1,10152.02911179,948498819.868480338,1
1745452800000,2025-04-24T00:00:00+00:00,93676,93998,91662.9,93973.9,7583.31109067,703862211.940191663,1
1745539200000,2025-04-25T00:00:00+00:00,93974,95768.4,92842,94640,9319.22455115,879200459.077543392,1
1745625600000,2025-04-26T00:00:00+00:00,94645.1,95208.8,93870.1,94631.8,4313.3504374,407277602.041645855,1
1745712000000,2025-04-27T00:00:00+00:00,94631.8,95310,93610.3,93744,3697.26287294,348162183.047673707,1
1745798400000,2025-04-28T00:00:00+00:00,93744,95600,92774.1,95014.6,9353.71264519,882818343.885312539,1
1745884800000,2025-04-29T00:00:00+00:00,95014.6,95465.2,93729.9,94242,6405.64408606,607011127.845184589,1
1745971200000,2025-04-30T00:00:00+00:00,94242,95236,92914.1,94163.1,6337.50984881,597050460.361387476,1
1746057600000,2025-05-01T00:00:00+00:00,94163.1,97426,94125.5,96488.2,9960.36757112,957634405.325204814,1
1746144000000,2025-05-02T00:00:00+00:00,96488,97896,96315.8,96891.6,7468.15476421,723836055.915499562,1
1746230400000,2025-05-03T00:00:00+00:00,96891.7,96929.3,95751.6,95861.6,4048.36560009,389824788.871291435,1
1746316800000,2025-05-04T00:00:00+00:00,95860.1,96299.9,94123.2,94273.7,4249.38447761,405199080.697311366,1
1746403200000,2025-05-05T00:00:00+00:00,94273.8,95217.5,93489.1,94737.3,5789.92646452,546073760.1791257,1
1746489600000,2025-05-06T00:00:00+00:00,94737.3,96900,93390.1,96833.9,7056.46124529,669047960.63871986,1
1746576000000,2025-05-07T00:00:00+00:00,96834,97731.8,95788.9,97026,6461.72868276,625886912.911388792,1
1746662400000,2025-05-08T00:00:00+00:00,97026,104295.8,96872,103270,13417.14730305,1344283285.235720137,1
1746748800000,2025-05-09T00:00:00+00:00,103269.9,104366,102300,102986,8280.52444386,853788980.886421409,1
1746835200000,2025-05-10T00:00:00+00:00,102986.1,104999,102824.2,104820,4696.29800504,486706228.742116259,1
1746921600000,2025-05-11T00:00:00+00:00,104819.9,104968.1,103333.3,104126,5676.60785515,591599679.405554011,1
1747008000000,2025-05-12T00:00:00+00:00,104126.9,105850,100733,102790,9562.70588406,991839449.035423755,1
1747094400000,2025-05-13T00:00:00+00:00,102790.1,104986,101418.1,104127.7,7481.17034472,772901433.488618414,1
1747180800000,2025-05-14T00:00:00+00:00,104122.3,104357.6,102608.3,103500,5353.69470211,554493678.655357095,1
1747267200000,2025-05-15T00:00:00+00:00,103500.1,104195.7,101355.2,103766.7,7316.52086917,751560381.526543234,1
1747353600000,2025-05-16T00:00:00+00:00,103766.5,104555,103100,103461.2,4944.88301299,513519598.146965463,1
1747440000000,2025-05-17T00:00:00+00:00,103461.2,103729.1,102600,103133.6,3919.55626721,404228505.475242135,1
1747526400000,2025-05-18T00:00:00+00:00,103133.7,106669,103100.1,106468.7,6882.99277067,720153784.929551605,1
1747612800000,2025-05-19T00:00:00+00:00,106468.9,107140.1,102080.4,105568.1,9938.36338696,1034173383.080154131,1
1747699200000,2025-05-20T00:00:00+00:00,105568.1,107308.7,104180,106846.1,7908.41940656,836583673.331835671,1
1747785600000,2025-05-21T00:00:00+00:00,106846,110804.2,106086.1,109642.8,13083.60466016,1412343673.788096762,1
1747872000000,2025-05-22T00:00:00+00:00,109646,111963,109179.5,111701.9,9860.22176593,1094013507.502306108,1
1747958400000,2025-05-23T00:00:00+00:00,111702,111800,106800,107324,10331.70339478,1129773878.182052138,1
1748044800000,2025-05-24T00:00:00+00:00,107324.1,109488.6,106880,107767.2,5050.97650019,547765794.471199539,1
1748131200000,2025-05-25T00:00:00+00:00,107767.3,109315.3,106600,109004.9,4742.27490007,510277981.939623033,1
1748217600000,2025-05-26T00:00:00+00:00,109004.9,110450,108666.7,109437.9,5325.32664063,583938499.710177803,1
1748304000000,2025-05-27T00:00:00+00:00,109436.7,110729,107505.2,108936,7425.53241112,812857061.684314959,1
1748390400000,2025-05-28T00:00:00+00:00,108936,109282,106800,107783.9,6007.08570482,649216691.019478019,1
1748476800000,2025-05-29T00:00:00+00:00,107783.9,108897.5,105311.8,105586.1,11958.4616969,1283298390.266471271,1
1748563200000,2025-05-30T00:00:00+00:00,105586.1,106322.9,103621.1,103999.9,7533.77097633,791746982.343694249,1
1748649600000,2025-05-31T00:00:00+00:00,104000,104907.5,103078.7,104596.8,3268.15066908,339893050.302420051,1
1748736000000,2025-06-01T00:00:00+00:00,104596.8,105874.2,103738.3,105641.5,3564.67299164,372370632.178565081,1
1748822400000,2025-06-02T00:00:00+00:00,105641.6,105945,103668.8,105847.3,4592.23742485,481268695.18168003,1
1748908800000,2025-06-03T00:00:00+00:00,105848.9,106804,104871.7,105386.7,5326.46317426,564267385.827024972,1
1748995200000,2025-06-04T00:00:00+00:00,105386.7,105988,104181.4,104680.5,3839.4262184,403779696.608737464,1
1749081600000,2025-06-05T00:00:00+00:00,104688.8,105914.9,100400,101500,9276.75618363,957369243.004246378,1
1749168000000,2025-06-06T00:00:00+00:00,101499.9,105330.8,101083,104295.5,7608.9685087,789598698.185252503,1
1749254400000,2025-06-07T00:00:00+00:00,104295.5,105916.7,103876.8,105553.6,2514.75434319,264467520.867831619,1
1749340800000,2025-06-08T00:00:00+00:00,105553.6,106499.5,104969.6,105729.1,2121.96290582,224400045.902737634,1
1749427200000,2025-06-09T00:00:00+00:00,105729.2,110650,105313.4,110267,6518.37288649,703004370.341317573,1
1749513600000,2025-06-10T00:00:00+00:00,110266.9,110393,108344.1,110274.1,4684.91669774,512698465.029078906,1
1749600000000,2025-06-11T00:00:00+00:00,110274.1,110399.9,108050.1,108645.7,4029.25866951,440620012.655784348,1
1749686400000,2025-06-12T00:00:00+00:00,108645.7,108827.6,105661.4,105663.8,7812.62766632,839559257.897339062,1
1749772800000,2025-06-13T00:00:00+00:00,105663.8,106188,102640,106066.1,9488.08681204,991292495.793205639,1
1749859200000,2025-06-14T00:00:00+00:00,106066.1,106219.2,104305.7,105410.9,2746.44099044,288435446.703263196,1
1749945600000,2025-06-15T00:00:00+00:00,105410.9,106140,104500,105579.9,3221.13151708,339501178.417945757,1
1750032000000,2025-06-16T00:00:00+00:00,105580,108974.7,104972.2,106803.8,5344.88227532,573178287.001486325,1
1750118400000,2025-06-17T00:00:00+00:00,106806,107761.7,103368.1,104564,8918.27917156,938287270.210960119,1
1750204800000,2025-06-18T00:00:00+00:00,104565.1,105544.2,103500,104890.1,5088.53967851,532523506.878224491,1
1750291200000,2025-06-19T00:00:00+00:00,104890,105225.8,103920.1,104652.4,2621.85826146,274232873.795937289,1
1750377600000,2025-06-20T00:00:00+00:00,104652.1,106520,102340.7,103304.6,6357.82807147,664076660.912122355,1
1750464000000,2025-06-21T00:00:00+00:00,103304.6,103991.6,100866,102124.4,5004.83021331,514662673.04593151,1
1750550400000,2025-06-22T00:00:00+00:00,102126.3,103396.6,98188.4,100949.2,10247.09025563,1030797487.624844694,1
1750636800000,2025-06-23T00:00:00+00:00,100948.1,106052.1,99636.6,105356,9643.94046111,988968825.558959429,1
1750723200000,2025-06-24T00:00:00+00:00,105355.9,106290.8,104625.1,106094.1,6777.21948302,713551261.131009226,1
1750809600000,2025-06-25T00:00:00+00:00,106094.2,108130,105820.1,107335.5,6583.53806839,705053231.081685971,1
1750896000000,2025-06-26T00:00:00+00:00,107335.6,108290,106546.8,106962.8,4918.44529866,528426658.071758125,1
1750982400000,2025-06-27T00:00:00+00:00,106962.9,107742,106377,107054,4927.65118747,527311985.471550875,1
1751068800000,2025-06-28T00:00:00+00:00,107054.5,107552.4,106806.4,107302.7,1997.79672528,214347238.274399814,1
1751155200000,2025-06-29T00:00:00+00:00,107302.7,108539,107169.2,108361.5,2926.27530671,315619855.167828814,1
1751241600000,2025-06-30T00:00:00+00:00,108361.5,108800,106736.9,107140,4033.4241961,434246134.580785003,1
1751328000000,2025-07-01T00:00:00+00:00,107140.1,107547.9,105239.2,105688.1,4678.27318176,497813245.146912886,1
1751414400000,2025-07-02T00:00:00+00:00,105688.1,109750,105100,108838.9,6318.35624475,682541365.962980013,1
1751500800000,2025-07-03T00:00:00+00:00,108838.9,110529,108526.1,109593.4,4574.2563791,501167379.290612919,1
1751587200000,2025-07-04T00:00:00+00:00,109593.5,109777.8,107255.7,107985.4,3223.40250189,349273724.41934318,1
1751673600000,2025-07-05T00:00:00+00:00,107985.5,108432.7,107750.1,108199.7,1248.5447676,134960238.132016088,1
1751760000000,2025-07-06T00:00:00+00:00,108199.8,109719.6,107804.1,109202.6,2030.6132155,220564960.186631248,1
1751846400000,2025-07-07T00:00:00+00:00,109202.6,109707.9,107506.5,108262.1,2682.62827793,291282413.768262387,1
1751932800000,2025-07-08T00:00:00+00:00,108262.1,109218.8,107421.4,108926,2834.4736747,307650218.840443104,1
1752019200000,2025-07-09T00:00:00+00:00,108926,112000,108333.4,111239.3,5410.12333575,595548663.0672725,1
1752105600000,2025-07-10T00:00:00+00:00,111239.3,117548.2,110504.4,116015.9,9867.99294038,1118105615.523812236,1
1752192000000,2025-07-11T00:00:00+00:00,116016,118868,115208.1,117542.3,8037.12136085,944231356.417332091,1
1752278400000,2025-07-12T00:00:00+00:00,117542.2,118230.5,116916.6,117437.1,5247.26861473,617423362.312758456,1
1752364800000,2025-07-13T00:00:00+00:00,117438,119500,117222.5,119096,3185.85793522,377730423.373216147,1
1752451200000,2025-07-14T00:00:00+00:00,119095.9,123226,118906.5,119848.7,9045.78504163,1094071494.518921575,1
1752537600000,2025-07-15T00:00:00+00:00,119848.7,119950,115726.7,117752.7,11387.63759729,1336294020.180405495,1
1752624000000,2025-07-16T00:00:00+00:00,117752.6,120069.3,117018.2,118629.7,5314.61868941,631292789.263341412,1
1752710400000,2025-07-17T00:00:00+00:00,118629.7,120941.8,117444,119178,5583.41822284,663024593.946408469,1
1752796800000,2025-07-18T00:00:00+00:00,119178,120822.7,116811,117934,6793.59430457,806988964.484833203,1
1752883200000,2025-07-19T00:00:00+00:00,117934.1,118492,117267.9,117838.2,2917.05388318,344553616.530768625,1
1752969600000,2025-07-20T00:00:00+00:00,117838.3,118865.9,116462,117260.1,3469.44297522,409191471.007967271,1
1753056000000,2025-07-21T00:00:00+00:00,117260.1,119669,116520,117378.1,5012.60558127,592397938.572011478,1
1753142400000,2025-07-22T00:00:00+00:00,117378.1,120249.3,116116,119954.9,8684.56371028,1029980029.359182482,1
1753228800000,2025-07-23T00:00:00+00:00,119955,120080,117313.6,118757.9,5470.70412554,647846149.382321771,1
1753315200000,2025-07-24T00:00:00+00:00,118757.9,119500,117072,118341.8,5881.01567022,696883156.343203728,1
1753401600000,2025-07-25T00:00:00+00:00,118341.9,118462.5,114712.4,117615.8,14823.02724256,1719690263.441112282,1
1753488000000,2025-07-26T00:00:00+00:00,117615.9,118290,117129.7,117917.3,2430.31755294,286284654.197312613,1
1753574400000,2025-07-27T00:00:00+00:00,117917.9,119786,117818,119439.3,3485.56258046,413984102.161683062,1
1753660800000,2025-07-28T00:00:00+00:00,119440,119828,117400.4,118073.9,3487.35110145,413661977.683847883,1
1753747200000,2025-07-29T00:00:00+00:00,118073.9,119300,116954.4,117944.1,3928.207275,464006645.156288922,1
1753833600000,2025-07-30T00:00:00+00:00,117944,118800,115716.3,117836.4,4649.59239764,545728468.376904606,1
1753920000000,2025-07-31T00:00:00+00:00,117836.4,118936.8,115500,115754.8,5196.99532531,611174344.425287139,1
1754006400000,2025-08-01T00:00:00+00:00,115754.8,116063.2,112724.3,113294.3,9645.42555018,1106153263.597017158,1
1754092800000,2025-08-02T00:00:00+00:00,113294.4,114061.3,112005.4,112559.9,3426.81807393,387926255.026370415,1
1754179200000,2025-08-03T00:00:00+00:00,112560,114780.4,111903.1,114202,2552.42393238,290012710.561454937,1
1754265600000,2025-08-04T00:00:00+00:00,114202.1,115738.9,114109.1,115053.6,3315.32238925,380759091.353780835,1
1754352000000,2025-08-05T00:00:00+00:00,115053.7,115128.4,112653,114126.8,4101.6529488,467259556.415433284,1
1754438400000,2025-08-06T00:00:00+00:00,114126.8,115711,113357.6,114999.8,2974.29718039,340729304.023303599,1
1754524800000,2025-08-07T00:00:00+00:00,114999.6,117636.4,114260.7,117478,4452.50279353,517037672.879928396,1
1754611200000,2025-08-08T00:00:00+00:00,117478.1,117663.8,115888,116665.9,4460.09866834,520954645.564143369,1
1754697600000,2025-08-09T00:00:00+00:00,116666,117923.2,116348.8,116470,3761.2912021,439575700.473884606,1
1754784000000,2025-08-10T00:00:00+00:00,116470.1,119317.7,116457.9,119287.8,5027.46131999,594489701.478623864,1
1754870400000,2025-08-11T00:00:00+00:00,119287.7,122335.8,118036.2,118686.1,7775.95484853,937787164.193681948,1
1754956800000,2025-08-12T00:00:00+00:00,118686.1,120320,118203.7,120132,5405.85257172,644292388.142820139,1
1755043200000,2025-08-13T00:00:00+00:00,120132.1,123700,118929.1,123308,7114.74615589,862090925.416989287,1
1755129600000,2025-08-14T00:00:00+00:00,123308.1,124500,117156.1,118298.5,10097.11692672,1214346508.732858883,1
1755216000000,2025-08-15T00:00:00+00:00,118298.5,119229.5,116800,117338.1,4584.12398379,541120572.443175783,1
1755302400000,2025-08-16T00:00:00+00:00,117338,117899.1,117136.3,117386.1,3442.14475639,404724553.576216272,1
1755388800000,2025-08-17T00:00:00+00:00,117386.1,118585.5,117180,117409.6,1768.99653256,208681187.748221235,1
1755475200000,2025-08-18T00:00:00+00:00,117409.6,117555.6,114652.5,116234.4,5644.55917177,653668390.532006426,1
1755561600000,2025-08-19T00:00:00+00:00,116234.4,116732,112710.9,112865.6,5571.6285604,637605611.080754364,1
1755648000000,2025-08-20T00:00:00+00:00,112864.1,114625,112371.6,114279.6,5351.37742744,608269870.476995971,1
1755734400000,2025-08-21T00:00:00+00:00,114279.7,114824.5,112006,112511.4,5071.84426752,574839174.781920161,1
1755820800000,2025-08-22T00:00:00+00:00,112511.5,117420,111684,116943.7,7512.6901424,861978354.657240177,1
1755907200000,2025-08-23T00:00:00+00:00,116943.8,117031.5,114540.4,115424.1,3400.32292093,393109881.610627351,1
1755993600000,2025-08-24T00:00:00+00:00,115424.1,115666.6,110481.8,113490,6587.56573637,747718794.405435975,1
1756080000000,2025-08-25T00:00:00+00:00,113491.9,113662.8,109284.7,110119,8239.77025488,918785341.188427491,1
1756166400000,2025-08-26T00:00:00+00:00,110119,112373,108680.6,111771.8,6606.803999,727343674.210274034,1
1756252800000,2025-08-27T00:00:00+00:00,111771.9,112625.3,110355.8,111254.1,4014.08770145,447864524.703837917,1
1756339200000,2025-08-28T00:00:00+00:00,111254.1,113484.9,110869.6,112564,5118.99688195,576869907.669280818,1
1756425600000,2025-08-29T00:00:00+00:00,112564.1,112642,107474.9,108385.7,7323.83695577,804824151.125937087,1
1756512000000,2025-08-30T00:00:00+00:00,108385.8,108922.9,107343.7,108815,4987.66420971,540686583.876861873,1
1756598400000,2025-08-31T00:00:00+00:00,108815.1,109486,108064.9,108248.3,2305.23228201,250705117.31114872,1
1756684800000,2025-09-01T00:00:00+00:00,108248,109911,107250,109235.9,4341.71247647,471634518.358728315,1
1756771200000,2025-09-02T00:00:00+00:00,109236,111773.1,108386.5,111233.7,6750.52120518,744428869.105087978,1
1756857600000,2025-09-03T00:00:00+00:00,111234,112571.3,110530,111700,3836.68043118,427432092.308437972,1
1756944000000,2025-09-04T00:00:00+00:00,111700,112180,109312.3,110721.1,3662.33534638,404520215.337506324,1
1757030400000,2025-09-05T00:00:00+00:00,110720.1,113400,110215.8,110673.3,6218.27440149,695957247.934117495,1
1757116800000,2025-09-06T00:00:00+00:00,110673.4,111356.1,109967.1,110192.1,3205.72863749,354578126.595815409,1
1757203200000,2025-09-07T00:00:00+00:00,110192.1,111610.2,110181,111137.6,3544.13363623,393254300.388951257,1
1757289600000,2025-09-08T00:00:00+00:00,111137.6,112920.4,110608.8,112063.4,3788.40757221,423343980.396882815,1
1757376000000,2025-09-09T00:00:00+00:00,112063.5,113277.5,110762,111541.9,5970.02422484,669240197.265625738,1
1757462400000,2025-09-10T00:00:00+00:00,111542,114318,110923.1,113957.7,6538.89192451,737707140.826863386,1
1757548800000,2025-09-11T00:00:00+00:00,113957.7,115480,113417.5,115477.9,5119.6697022,584459611.693812968,1
1757635200000,2025-09-12T00:00:00+00:00,115477.9,116666,114750.1,116030.1,4903.5352177,566810545.621834815,1
1757721600000,2025-09-13T00:00:00+00:00,116030.1,116285.3,115116.5,115924.4,2669.70971954,309166261.386742705,1
1757808000000,2025-09-14T00:00:00+00:00,115924.5,116164.4,115131.3,115268.3,2130.28715071,246454079.042988594,1
1757894400000,2025-09-15T00:00:00+00:00,115268.4,116773.1,114370,115350.6,5582.08594181,644021161.450976811,1
1757980800000,2025-09-16T00:00:00+00:00,115350.6,116969.3,114708,116797.7,4630.81546719,536564342.983146841,1
1758067200000,2025-09-17T00:00:00+00:00,116797.8,117282,114722,116451.3,6594.46931541,765657046.126023053,1
1758153600000,2025-09-18T00:00:00+00:00,116451.3,117910,116095.4,117081.1,4986.60814027,585047392.125082121,1
1758240000000,2025-09-19T00:00:00+00:00,117081,117469,115088,115630.1,3257.80512752,378844309.747886921,1
1758326400000,2025-09-20T00:00:00+00:00,115630.1,116136.9,115408,115685.9,1471.32130708,170354020.896890874,1
1758412800000,2025-09-21T00:00:00+00:00,115686,115826,115162.2,115236,1234.06021168,142569948.656252104,1
1758499200000,2025-09-22T00:00:00+00:00,115236,115382.8,111514.3,112656,7377.14046326,834305449.500917423,1
1758585600000,2025-09-23T00:00:00+00:00,112656.1,113290.8,111466,112004.6,2770.71046801,311588483.824944118,1
1758672000000,2025-09-24T00:00:00+00:00,112004.6,113946,111020,113303.1,3635.88743619,410284538.427600922,1
1758758400000,2025-09-25T00:00:00+00:00,113303.1,113514,108625.1,108990.8,6115.00812749,678848093.831484872,1
1758844800000,2025-09-26T00:00:00+00:00,108990.9,110294.3,108617.3,109639.9,5217.06440714,570265470.361738387,1
1758931200000,2025-09-27T00:00:00+00:00,109640,109755.4,109064.9,109630.7,1957.47292025,214246553.899829866,1
1759017600000,2025-09-28T00:00:00+00:00,109630.8,112354.8,109200,112172.1,2371.07384593,261334079.182062907,1
1759104000000,2025-09-29T00:00:00+00:00,112171,114425.7,111558.4,114313,6537.3281361,736784934.706302137,1
1759190400000,2025-09-30T00:00:00+00:00,114313,114800,112666.9,114047.2,5678.99752315,646229641.106210032,1
1759276800000,2025-10-01T00:00:00+00:00,114047.1,118655.7,113955.4,118607.7,6608.0933567,770312660.736117935,1
1759363200000,2025-10-02T00:00:00+00:00,118607.7,121039.9,118279.1,120540.8,7743.90309204,924414231.2431415,1
1759449600000,2025-10-03T00:00:00+00:00,120540.8,123888,119257,122239.4,8590.4680947,1042417578.637356783,1
1759536000000,2025-10-04T00:00:00+00:00,122239.4,122800,121519.4,122396.9,4185.93935742,511635682.871692029,1
1759622400000,2025-10-05T00:00:00+00:00,122397,125790,122133.9,123480.1,8311.35846876,1029234758.064718214,1
1759708800000,2025-10-06T00:00:00+00:00,123480.1,126200,123088,124673,6691.19721072,833301942.446166028,1
1759795200000,2025-10-07T00:00:00+00:00,124674.9,125139.2,120592,121344.9,7435.59875393,913962566.393629612,1
